date,copper,usd,eur
2025-08-08,78530,717.08,834.42
2025-08-07,78500,716.99,834.45
2025-08-06,78350,717.58,829.49
2025-08-05,78615,716.94,827.16
2025-08-04,78420,716.89,828.82
2025-08-01,78330,719.73,820.33
2025-07-31,78565,718.18,818.28
2025-07-30,79285,716.19,827.22
2025-07-29,79025,716.34,829.05
2025-07-28,79075,715.64,839.74
2025-07-25,79450,715.09,838.1
2025-07-24,79795,714.04,839.58
2025-07-23,79790,714.99,838.2
2025-07-22,79755,715.99,835.44
2025-07-21,79555,716.69,831.6
2025-07-18,78660,716.54,833.28
2025-07-17,78020,716.64,831.18
2025-07-16,78060,716.64,830.39
2025-07-15,77995,715.94,834.66
2025-07-14,78455,715.79,834.49
2025-07-11,78720,715.69,834.44
2025-07-10,78615,716.54,839.79
2025-07-09,79190,716.79,837.73
2025-07-08,79795,715.89,839.39
2025-07-07,79885,715.89,841.46
2025-07-04,80535,715.39,840.66
2025-07-03,80980,715.34,842.46
2025-07-02,80990,715.49,842.99
2025-07-01,80205,714.99,841.69
2025-06-30,79990,715.14,836.73
2025-06-27,80125,715.84,836.54
2025-06-26,78940,714.99,834.91
2025-06-25,78580,715.59,830.39
2025-06-24,78415,716.54,830.27
2025-06-23,78325,717.53,823.41
2025-06-20,78400,716.99,824.78
2025-06-19,78680,717.88,821.31
2025-06-18,78830,717.38,823.67
2025-06-17,78715,716.89,827.24
2025-06-16,78645,717.23,825.72
2025-06-13,78955,716.94,825.8
2025-06-12,79075,717.23,824.64
2025-06-11,79310,717.62,817.64
2025-06-10,79275,717.18,816.64
2025-06-09,78875,717.43,817.78
2025-06-06,78875,716.99,818.98
2025-06-05,78415,716.99,817.56
2025-06-04,78485,717.4,815.03
2025-06-03,78445,717.63,815.58
2025-06-02,78235,719.13,815.56
2025-05-30,78235,717.28,813.1
2025-05-29,78485,718.58,807.32
2025-05-28,78510,718.58,810.77
2025-05-27,78515,717.58,816.66
2025-05-26,78590,716.14,815.73
2025-05-23,78035,719.03,812.35
2025-05-22,78085,719.13,814.26
2025-05-21,78460,719.58,813.54
2025-05-20,78340,720.98,809.37
2025-05-19,78110,720.23,804.22
2025-05-16,78830,718.93,804.06
2025-05-15,78725,719.88,804.9
2025-05-14,78905,720.28,804.62
2025-05-13,78155,717.78,795.75
2025-05-12,78275,721.48,808.92
2025-05-09,78205,723.61,810.95
2025-05-08,78435,722.28,816.88
2025-05-07,78580,721.23,818.15
2025-05-06,78190,721.63,815.07
2025-05-05,77950,724.62,819.53
2025-05-04,77950,724.62,817.58
2025-05-03,77950,724.62,817.58
2025-05-02,77950,725.92,819.62
2025-05-01,77950,725.62,819.28
2025-04-30,77950,725.77,823.95
2025-04-29,78035,726.22,825.55
2025-04-27,78145,726.82,824.7
2025-04-25,78145,727.27,822.52
2025-04-24,78115,728.86,825.42
2025-04-23,78185,728.61,828.05
2025-04-22,77195,729.51,840.22
2025-04-21,76550,727.42,836.2
2025-04-18,76310,728.51,827.13
2025-04-17,76095,729.56,827.89
2025-04-16,75920,731.41,827.94
2025-04-15,76195,729.76,826.88
2025-04-14,76145,729.46,827.85
2025-04-11,74550,730.21,826.66
2025-04-10,75105,733.35,804.23
2025-04-09,72330,733.8,808.89
2025-04-08,73545,731.46,800.91
2025-04-07,74610,729.71,797.39
2025-04-04,79150,726.42,803.36
2025-04-03,79150,728.36,793.73
2025-04-02,80055,725.72,782.23
2025-04-01,80015,725.17,783.74
2025-03-31,79945,723.97,783.09
2025-03-28,80605,725.22,781.54
2025-03-27,81585,724.97,780.19
2025-03-26,82655,725.17,780.84
2025-03-25,81565,724.82,781.62
2025-03-24,81025,724.61,783.21
2025-03-21,81520,723.82,783.08
2025-03-20,81440,722.28,786.67
2025-03-19,80575,722.18,788.65
2025-03-18,80440,722.03,786.32
2025-03-17,79955,722.57,785.26
2025-03-14,79925,722.92,782.83
2025-03-13,79600,722.47,785.37
2025-03-12,78580,722.23,785.75
2025-03-11,77660,723.52,783.77
2025-03-10,78275,724.37,783.67
2025-03-07,78790,723.32,780.37
2025-03-06,78320,723.32,779.28
2025-03-05,76800,724.97,768.47
2025-03-04,76910,726.72,760.23
2025-03-03,77020,727.47,756.58
2025-02-28,76830,727.27,754.27
2025-02-27,76785,725.72,758.25
2025-02-26,76935,724.37,759.89
2025-02-25,76930,724.37,757.42
2025-02-24,77115,722.13,758.32
2025-02-21,77330,722.77,757.99
2025-02-20,77155,725.62,755.9
2025-02-19,77020,727.12,758.55
2025-02-18,76630,726.02,758.71
2025-02-17,77250,723.52,758.2
2025-02-14,77660,727.32,759.48
2025-02-13,77160,728.31,757.69
2025-02-12,76725,729.56,754.76
2025-02-11,76970,729.46,750.15
2025-02-10,76930,729.46,750.72
2025-02-07,76615,727.32,753.59
2025-02-06,76225,727.22,754.37
2025-02-05,75280,727.17,753.73
2025-02-04,75215,729.91,752.43
2025-02-03,75215,731.11,745.56
2025-01-31,75215,725.52,752.46
2025-01-30,75215,724.52,754.25
2025-01-29,75215,724.52,755.04
2025-01-28,75215,725.02,754.99
2025-01-27,75215,725.37,757.96
2025-01-24,75230,724.82,755.72
2025-01-23,74930,726.77,755.28
2025-01-22,75450,726.62,755.27
2025-01-21,75530,726.17,753.2
2025-01-20,75430,730.31,751.23
2025-01-17,76315,731.56,752.52
2025-01-16,75995,732.02,751.75
2025-01-15,75420,731.91,752.73
2025-01-14,75510,731.86,749.24
2025-01-13,75640,732.01,746.77
2025-01-10,75385,732.11,753.01
2025-01-09,74815,732.01,754.22
2025-01-08,74565,732.03,756.43
2025-01-07,74365,731.76,759.22
2025-01-06,73930,731.76,753.67
2025-01-03,73265,728.96,747.44
2025-01-02,73435,728.86,754.69
2025-01-01,73790,729.21,753.89
2024-12-31,73790,728.6,757.41
2024-12-30,74175,728.71,758.54
2024-12-27,74240,728.61,757.42
2024-12-26,74240,728.76,756.62
2024-12-25,74125,728.6,757.04
2024-12-24,74040,728.71,755.99
2024-12-23,74290,728.66,759.58
2024-12-20,73805,728.86,754.11
2024-12-19,73940,728.81,755.44
2024-12-18,74205,727.32,762.67
2024-12-17,74690,727.17,763.54
2024-12-16,74480,726.77,762.75
2024-12-13,74640,726.47,758.95
2024-12-12,75390,725.22,760.62
2024-12-11,75705,723.67,760.74
2024-12-10,75355,723.62,762.63
2024-12-09,74940,726.61,764.83
2024-12-06,74495,724.37,764.79
2024-12-05,74490,725.97,762.64
2024-12-04,74705,727.12,761.81
2024-12-03,74075,727.81,762.32
2024-12-02,73910,725.27,762.12
2024-11-29,73950,722.28,762.58
2024-11-28,74015,723.42,762.27
2024-11-27,73810,724.52,758.3
2024-11-26,73805,724.17,757.64
2024-11-25,74315,723.17,756.89
2024-11-22,73955,723.42,756.64
2024-11-21,74495,723.04,761.8
2024-11-20,74705,722.87,764.3
2024-11-19,74175,721.98,763.71
2024-11-18,73820,722.42,759.85
2024-11-15,74060,722.24,760.25
2024-11-14,73410,723.14,761.69
2024-11-13,74785,721.14,764.85
2024-11-12,75940,721.79,766.84
2024-11-11,76510,717.0,767.4
2024-11-08,77330,714.06,768.81
2024-11-07,76280,716.25,768.32
2024-11-06,77510,713.96,765.57
2024-11-05,77560,709.61,770.69
2024-11-04,76730,707.92,770.61
2024-11-01,76545,710.96,772.23
2024-10-31,76555,710.96,770.24
2024-10-30,76595,712.31,769.28
2024-10-29,76465,712.66,769.09
2024-10-28,76485,711.86,766.67
2024-10-25,76520,711.46,768.86
2024-10-24,76440,710.36,765.19
2024-10-23,76620,711.66,767.72
2024-10-22,76710,711.11,768.13
2024-10-21,77470,709.01,769.41
2024-10-18,76520,710.81,769.37
2024-10-17,77010,711.31,770.83
2024-10-16,76530,710.11,772.37
2024-10-15,76995,709.81,772.4
2024-10-14,77370,706.22,770.6
2024-10-11,77500,706.07,771.28
2024-10-10,77385,705.47,770.91
2024-10-09,77680,705.32,772.51
2024-10-08,78485,705.02,773.31
2024-10-07,78920,706.17,773.79
2024-10-03,78920,701.88,773.78
2024-10-02,78920,701.18,780.02
2024-10-01,78920,701.18,780.02
2024-09-30,78920,700.33,780.33
2024-09-27,78865,700.43,781.35
2024-09-26,77400,700.78,779.57
2024-09-25,77745,700.53,783.14
2024-09-24,76220,702.83,779.95
2024-09-23,75485,703.52,784.24
2024-09-20,75870,703.43,784.27
2024-09-19,74690,706.67,784.57
2024-09-18,74480,708.42,787.15
2024-09-17,74320,708.77,787.68
2024-09-16,74320,708.77,784.92
2024-09-13,74320,709.51,785.53
2024-09-12,73550,711.01,782.01
2024-09-11,72800,710.21,782.9
2024-09-10,72805,710.61,783.34
2024-09-09,71955,709.56,785.17
2024-09-06,72580,707.77,785.65
2024-09-05,72065,708.96,784.29
2024-09-04,72090,709.76,783.54
2024-09-03,73715,711.01,785.21
2024-09-02,73660,709.11,782.61
2024-08-30,73925,708.22,783.25
2024-08-29,73860,710.61,790.23
2024-08-28,74885,711.71,793.58
2024-08-27,74875,711.36,793.19
2024-08-26,74420,711.11,794.19
2024-08-23,73515,712.71,791.77
2024-08-22,73945,712.21,792.64
2024-08-21,73570,711.96,790.66
2024-08-20,73885,713.46,789.11
2024-08-19,74035,713.41,786.42
2024-08-16,73620,716.25,785.34
2024-08-15,72270,714.75,785.69
2024-08-14,72245,713.91,783.48
2024-08-13,72345,716.8,782.93
2024-08-12,71355,716.9,781.4
2024-08-09,71630,715.65,780.61
2024-08-08,70685,715.55,781.43
2024-08-07,71335,717.2,781.73
2024-08-06,71315,713.41,780.44
2024-08-05,72960,712.36,777.59
2024-08-02,73340,722.04,778.28
2024-08-01,74850,722.09,781.14
2024-07-31,73810,722.54,780.98
2024-07-30,73150,724.83,783.31
2024-07-29,74135,724.39,785.86
2024-07-26,74290,723.74,784.73
2024-07-25,73200,724.88,784.89
2024-07-24,74675,726.4,786.68
2024-07-23,75530,726.22,790.11
2024-07-22,76230,726.07,789.87
2024-07-19,76535,725.58,788.98
2024-07-18,78070,724.7,791.21
2024-07-17,78675,725.69,790.26
2024-07-16,79135,725.28,788.87
2024-07-15,79855,724.91,788.68
2024-07-12,78840,725.31,787.24
2024-07-11,79655,725.98,785.64
2024-07-10,79675,726.33,784.86
2024-07-09,79930,726.09,785.04
2024-07-08,79985,725.69,784.97
2024-07-05,79780,725.78,784.27
2024-07-04,79795,726.06,781.96
2024-07-03,78510,726.16,779.1
2024-07-02,78455,725.98,778.1
2024-07-01,77805,725.61,779.31
2024-06-28,77615,725.68,774.81
2024-06-27,77650,725.8,774.94
2024-06-26,77365,725.4,775.89
2024-06-25,78315,724.78,777.11
2024-06-24,78205,724.96,774.04
2024-06-21,79285,725.09,775.92
2024-06-20,79480,724.97,777.53
2024-06-19,78465,724.41,776.77
2024-06-18,78615,724.36,775.71
2024-06-17,78760,724.44,774.35
2024-06-14,79410,724.44,776.95
2024-06-13,79315,724.02,781.42
2024-06-12,79530,724.14,776.77
2024-06-11,79705,724.14,778.73
2024-06-10,81360,723.89,778.53
2024-06-07,81360,723.59,787.17
2024-06-06,81100,723.44,786.72
2024-06-05,80225,723.36,785.76
2024-06-04,81800,723.37,787.95
2024-06-03,81580,723.35,784.02
2024-05-31,81805,723.12,781.24
2024-05-30,83330,723.94,780.54
2024-05-29,84185,723.63,783.89
2024-05-28,84525,723.43,785.84
2024-05-27,83285,723.34,783.57
2024-05-24,83245,723.49,780.78
2024-05-23,82960,723.24,782.17
2024-05-22,85550,722.71,783.4
2024-05-21,86340,722.44,783.18
2024-05-20,86880,721.82,784.1
2024-05-17,82525,721.59,782.54
2024-05-16,81985,720.39,783.19
2024-05-15,81275,721.34,779.9
2024-05-14,81490,722.54,778.38
2024-05-13,80345,722.14,776.79
2024-05-10,79885,721.39,776.29
2024-05-09,79610,721.39,774.26
2024-05-08,79735,721.24,773.67
2024-05-07,80525,720.39,774.63
2024-05-06,80725,720.24,774.25
2024-05-03,81710,722.64,774.52
2024-05-02,81710,723.64,774.29
2024-05-01,81710,723.64,770.18
2024-04-30,81710,723.48,773.33
2024-04-29,80430,723.74,774.54
2024-04-26,79920,723.59,774.67
2024-04-25,78710,723.69,773.62
2024-04-24,78230,723.34,773.39
2024-04-23,78340,723.24,769.82
2024-04-22,80240,723.09,770.1
2024-04-19,79035,722.99,768.03
2024-04-18,76790,722.74,768.13
2024-04-17,76310,722.81,767.41
2024-04-16,76800,722.63,765.78
2024-04-15,76220,722.69,768.66
2024-04-12,75990,722.59,773.38
2024-04-11,75965,722.59,775.33
2024-04-10,75985,721.84,782.32
2024-04-09,75885,722.19,782.91
2024-04-08,75385,722.14,781.41
2024-04-05,73335,722.24,780.8
2024-04-04,73335,0.5354,533.54
2024-04-03,73335,722.59,777.79
2024-04-02,72750,722.64,774.59
2024-04-01,72725,721.74,777.45
2024-03-29,72030,721.59,776.49
2024-03-28,71920,721.44,779.79
2024-03-27,71605,721.54,780.11
2024-03-26,71845,720.69,779.84
2024-03-25,72215,719.3,776.68
2024-03-22,72095,721.59,780.96
2024-03-21,72825,718.8,784.9
2024-03-20,72460,718.77,780.13
2024-03-19,72995,718.64,780.2
2024-03-18,72980,718.49,781.34
2024-03-15,72030,718.6,780.52
2024-03-14,71845,718.05,784.66
2024-03-13,69625,717.56,782.9
2024-03-12,69470,716.45,782.55
2024-03-11,69305,717.85,784.37
2024-03-08,69595,718.2,785.18
2024-03-07,69210,718.75,782.41
2024-03-06,68780,718.75,778.89
2024-03-05,68915,718.65,778.93
2024-03-04,68865,718.65,778.28
2024-03-03,68800,718.9,778.19
2024-03-02,68800,718.64,776.34
2024-03-01,68800,718.64,776.34
2024-02-29,68710,718.4,777.29
2024-02-28,68770,718.75,777.67
2024-02-27,68700,718.55,778.82
2024-02-26,69020,718.55,776.31
2024-02-25,69340,718.9,776.75
2024-02-24,69340,718.5,776.61
2024-02-23,69340,718.5,776.61
2024-02-22,68940,718.3,776.46
2024-02-21,68815,716.75,774.29
2024-02-20,68260,718.55,772.65
2024-02-19,68355,718.4,773.48
2024-02-18,67665,718.65,773.33
2024-02-17,67665,719.44,773.04
2024-02-16,67665,719.44,773.04
2024-02-15,67665,719.59,770.75
2024-02-14,67665,719.25,769.38
2024-02-13,67665,718.95,772.79
2024-02-12,67665,718.95,775.09
2024-02-11,67665,719.05,773.46
2024-02-10,67665,719.05,773.46
2024-02-09,67665,719.05,773.46
2024-02-08,67665,718.85,774.04
2024-02-07,67955,717.75,771.14
2024-02-06,67980,718.55,771.14
2024-02-05,68530,718.5,773.45
2024-02-04,68825,718.35,773.72
2024-02-03,68825,718.35,773.93
2024-02-02,68825,716.85,778.63
2024-02-01,69110,716.8,773.99
2024-01-31,69155,717.0,774.56
2024-01-30,68910,716.6,775.21
2024-01-29,68895,717.1,776.53
2024-01-28,68920,717.0,777.14
2024-01-27,68920,716.75,776.3
2024-01-26,68920,716.75,776.3
2024-01-25,68755,715.05,776.74
2024-01-24,68140,716.35,776.93
2024-01-23,67880,716.25,779.12
2024-01-22,68025,718.35,782.33
2024-01-21,67850,718.45,781.87
2024-01-20,67850,718.55,781.26
2024-01-19,67850,718.55,781.26
2024-01-18,67650,718.55,781.83
2024-01-17,67975,718.45,779.56
2024-01-16,68035,717.15,781.82
2024-01-15,67980,715.5,783.45
2024-01-14,68310,716.15,783.01
2024-01-13,68310,716.15,783.01
2024-01-12,68310,715.25,784.32
2024-01-11,68160,715.15,784.21
2024-01-10,68145,716.2,781.86
2024-01-09,68635,714.75,782.55
2024-01-08,68445,714.55,780.05
2024-01-07,68825,713.96,779.9
2024-01-06,68825,713.96,779.9
2024-01-05,68825,715.7,781.95
2024-01-04,68800,714.3,779.43
2024-01-03,68925,713.31,780.76
2024-01-02,69145,711.36,783.17
2023-12-31,69230,709.21,781.66
2023-12-30,69230,708.81,783.34
2023-12-29,69230,708.81,783.34
2023-12-28,69735,710.96,789.55
2023-12-27,69255,713.66,786.48
2023-12-26,69140,713.21,785.43
2023-12-25,69155,712.36,782.85
2023-12-24,69410,713.76,783.89
2023-12-23,69410,713.76,783.89
2023-12-22,69410,713.76,783.89
2023-12-21,69140,713.36,779.96
2023-12-20,69265,712.26,780.32
2023-12-19,68730,713.01,777.94
2023-12-18,68755,711.71,775.53
2023-12-17,69020,711.16,773.79
2023-12-16,69020,711.16,773.79
2023-12-15,69020,710.06,779.83
2023-12-14,68495,712.21,775.65
2023-12-13,68335,717.05,772.4
2023-12-12,68365,716.4,770.4
2023-12-11,68780,717.4,771.19
2023-12-10,68540,716.05,769.61
2023-12-09,68540,716.05,769.54
2023-12-08,68540,714.25,769.67
2023-12-07,68205,714.95,768.5
2023-12-06,68700,714.55,770.35
2023-12-05,68975,713.31,772.14
2023-12-04,69750,712.26,773.99
2023-12-03,69480,711.96,773.45
2023-12-02,69480,711.96,773.45
2023-12-01,69480,712.66,775.78
2023-11-30,68875,711.41,779.67
2023-11-29,68760,711.41,781.6
2023-11-28,68470,714.01,781.1
2023-11-27,68795,714.25,780.65
2023-11-26,68680,714.01,780.09
2023-11-25,68680,714.01,780.09
2023-11-24,68680,713.86,776.94
2023-11-23,68475,713.11,776.55
2023-11-22,68540,712.66,776.77
2023-11-21,69010,712.21,779.77
2023-11-20,68665,716.25,781.34
2023-11-19,68375,720.44,785.05
2023-11-18,68375,720.44,785.05
2023-11-17,68375,723.49,784.24
2023-11-16,68325,725.03,784.33
2023-11-15,68120,722.84,785.42
2023-11-14,67875,728.18,777.84
2023-11-13,67440,728.53,777.19
2023-11-12,67695,727.68,776.29
2023-11-11,67695,727.68,776.29
2023-11-10,67695,728.18,776.03
2023-11-09,67760,727.38,777.79
2023-11-08,67925,726.18,775.27
2023-11-07,68030,726.73,777.45
2023-11-06,67800,727.23,779.45
2023-11-05,68030,728.13,780.33
2023-11-04,68030,728.13,780.33
2023-11-03,68030,730.42,775.21
2023-11-02,67790,730.82,773.58
2023-11-01,67650,730.77,771.49
2023-10-31,67700,730.57,772.96
2023-10-30,67730,730.67,770.72
2023-10-29,66880,730.82,771.18
2023-10-28,66880,730.82,771.18
2023-10-27,66880,730.72,770.92
2023-10-26,66890,730.82,769.72
2023-10-25,67320,730.07,773.02
2023-10-24,66570,729.08,778.0
2023-10-23,66060,730.61,771.47
2023-10-22,66625,730.47,772.71
2023-10-21,66625,730.47,772.71
2023-10-20,66625,730.67,771.75
2023-10-19,66550,730.57,768.43
2023-10-18,66680,729.23,770.08
2023-10-17,66165,730.07,769.22
2023-10-16,66420,729.88,766.9
2023-10-15,66360,729.63,765.47
2023-10-14,66360,729.63,765.47
2023-10-13,66360,729.78,768.32
2023-10-12,66715,729.13,773.68
2023-10-11,66915,728.33,771.38
2023-10-10,67210,727.62,767.79
2023-10-09,67560,728.62,767.76
2023-10-08,67460,729.53,771.34
2023-10-07,67460,729.73,771.55
2023-10-06,67460,729.93,768.41
2023-10-05,67460,729.93,767.38
2023-10-04,67460,730.42,762.88
2023-10-03,67460,729.83,762.91
2023-10-02,67460,730.12,770.58
2023-10-01,67460,729.23,770.15
2023-09-30,67460,729.23,770.15
2023-09-29,67460,729.23,770.23
2023-09-28,67460,730.42,766.24
2023-09-27,67490,730.17,770.13
2023-09-26,67995,730.07,771.77
2023-09-25,68205,729.53,775.79
2023-09-24,68200,728.93,774.71
2023-09-23,68200,728.93,774.71
2023-09-22,68200,729.23,775.61
2023-09-21,68720,728.73,777.33
2023-09-20,68845,728.73,777.33
2023-09-19,68975,728.33,777.12
2023-09-18,69490,727.63,775.07
2023-09-17,69840,726.73,773.39
2023-09-16,69840,726.73,773.39
2023-09-15,69840,726.43,779.45
2023-09-14,69350,726.43,779.45
2023-09-13,69380,727.33,780.71
2023-09-12,69550,727.93,781.21
2023-09-11,69070,731.12,782.81
2023-09-10,69170,733.37,783.75
2023-09-09,69170,733.37,783.75
2023-09-08,69170,733.27,784.67
2023-09-07,69540,730.92,783.18
2023-09-06,69885,729.83,782.3
2023-09-05,69830,727.78,783.95
2023-09-04,70240,725.23,781.14
2023-09-03,70200,725.63,780.77
2023-09-02,70200,725.63,780.77
2023-09-01,70200,725.53,785.52
2023-08-31,70085,727.93,793.86
2023-08-30,69890,727.78,789.91
2023-08-29,69540,727.13,786.89
2023-08-28,69560,727.13,784.93
2023-08-27,69330,727.63,784.23
2023-08-26,69330,727.63,784.23
2023-08-25,69330,727.83,783.64
2023-08-24,69700,726.23,788.02
2023-08-23,69430,727.03,788.31
2023-08-22,68830,727.43,792.88
2023-08-21,68940,729.38,792.59
2023-08-20,68860,727.43,789.68
2023-08-19,68860,727.43,789.68
2023-08-18,68860,727.18,790.43
2023-08-17,68275,730.42,792.49
2023-08-16,68270,728.48,793.36
2023-08-15,68600,726.33,791.54
2023-08-14,68200,724.59,790.94
2023-08-13,68690,722.89,790.24
2023-08-12,68690,722.89,790.24
2023-08-11,68690,721.64,791.75
2023-08-10,68750,720.09,789.48
2023-08-09,68710,719.64,788.2
2023-08-08,69120,719.74,789.38
2023-08-07,69285,717.85,788.24
2023-08-06,69850,716.35,787.53
2023-08-05,69850,716.35,787.53
2023-08-04,69850,716.7,784.04
2023-08-03,69435,718.0,783.81
2023-08-02,70070,717.1,786.48
2023-08-01,70925,715.4,785.13
2023-07-31,69850,713.51,784.68
2023-07-30,69030,713.76,785.17
2023-07-29,69030,713.76,785.95
2023-07-28,69030,714.8,783.47
2023-07-27,69460,712.11,789.47
2023-07-26,69200,714.35,788.26
2023-07-25,68990,714.01,790.01
2023-07-24,68540,718.0,797.72
2023-07-23,68700,717.7,797.61
2023-07-22,68700,717.7,797.61
2023-07-21,68700,716.05,796.28
2023-07-20,68650,716.4,803.11
2023-07-19,68590,719.39,806.46
2023-07-18,68760,715.75,804.37
2023-07-17,69360,715.5,802.17
2023-07-16,69840,713.16,799.54
2023-07-15,69840,713.16,799.54
2023-07-14,69840,715.7,796.53
2023-07-13,68780,715.7,796.53
2023-07-12,68065,717.6,790.26
2023-07-11,68365,719.64,791.72
2023-07-10,68270,722.14,790.07
2023-07-09,68160,721.44,790.02
2023-07-08,68160,721.44,790.02
2023-07-07,68160,723.44,786.57
2023-07-06,68340,723.84,783.75
2023-07-05,68480,721.89,784.24
2023-07-04,68790,720.69,784.45
2023-07-03,69200,723.09,787.86
2023-07-02,67990,724.24,788.96
2023-07-01,67990,724.24,788.96
2023-06-30,67990,723.84,786.07
2023-06-29,68020,723.63,787.0
2023-06-28,68285,721.39,788.88
2023-06-27,68680,720.09,785.74
2023-06-26,68960,720.39,784.49
2023-06-25,69640,717.95,780.82
2023-06-24,69640,717.8,780.87
2023-06-23,69640,717.6,783.81
2023-06-22,69640,716.45,786.42
2023-06-21,69640,718.4,783.03
2023-06-20,69090,716.35,781.01
2023-06-19,69090,713.46,779.43
2023-06-18,68920,711.51,776.94
2023-06-17,68920,711.51,776.94
2023-06-16,68920,712.16,778.15
2023-06-15,68270,716.2,773.35
2023-06-14,68315,715.05,770.38
2023-06-13,67535,714.45,768.96
2023-06-12,67325,712.96,764.71
2023-06-11,67330,711.96,764.14
2023-06-09,67330,711.21,765.32
2023-06-07,67325,711.41,758.43
2023-06-03,66350,708.77,757.74
2023-06-02,66350,759.48,153.64
2023-06-01,65810,708.72,756.62
2023-05-31,65260,709.11,757.69
2023-05-30,65695,756.8,153.21
2023-05-29,65525,705.67,756.19
2023-05-26,64060,704.67,755.33
2023-05-24,64225,704.07,757.93
2023-05-23,65295,703.97,759.86
2023-05-22,65470,700.93,757.48
2023-05-20,65695,700.08,755.58
2023-05-19,65695,703.13,755.92
2023-05-18,66050,699.48,756.97
2023-05-17,64655,698.18,757.52
2023-05-16,65230,694.64,754.71
2023-05-15,64710,695.14,753.93
2023-05-14,64610,694.84,752.91
2023-05-13,64610,694.84,752.91
2023-05-12,64610,692.3,758.86
2023-05-11,66600,692.3,758.86
2023-05-10,67390,691.5,758.0
2023-05-09,67500,690.95,758.56
2023-05-08,67200,690.25,760.9
2023-05-07,66655,688.6,757.71
2023-05-06,66655,688.8,757.93
2023-05-05,66655,689.8,760.61
2023-05-04,67285,688.8,762.19
2023-05-03,67435,691.5,761.51
2023-05-02,67435,692.05,759.14
2023-05-01,67435,509.05,5.0404
2023-04-30,67435,690.85,759.97
2023-04-29,67435,690.85,759.97
2023-04-28,67435,690.9,759.68
2023-04-27,66660,691.45,762.77
2023-04-26,67535,691.1,757.49
2023-04-25,68285,689.4,761.21
2023-04-24,68495,689.1,755.64
2023-04-23,68890,687.41,754.33
2023-04-22,68890,688.0,754.99
2023-04-21,68890,687.36,752.56
2023-04-20,69505,687.69,752.72
2023-04-19,69685,686.51,752.24
2023-04-18,69660,686.16,749.33
2023-04-17,69960,685.46,752.67
2023-04-16,70310,685.96,753.22
2023-04-15,70310,685.96,753.22
2023-04-14,70310,682.56,754.54
2023-04-13,69395,686.21,752.95
2023-04-12,69160,687.51,750.04
2023-04-11,68590,687.21,746.77
2023-04-10,68860,686.51,746.9
2023-04-09,68870,685.81,746.41
2023-04-08,68870,685.81,746.41
2023-04-07,68870,686.01,746.97
2023-04-06,68840,687.01,724.09
2023-04-05,69240,686.7,728.15
2023-04-04,69240,687.06,723.87
2023-04-03,69620,687.8,718.33
2023-04-02,69660,686.91,718.2
2023-04-01,69660,686.46,720.19
2023-03-31,69660,685.06,722.96
2023-03-30,69605,688.5,721.87
2023-03-29,69600,687.55,720.94
2023-03-28,69755,686.91,718.73
2023-03-27,69405,686.26,715.2
2023-03-26,69245,685.66,713.91
2023-03-25,69245,685.66,713.91
2023-03-24,69245,682.0,
2023-03-23,68640,685.0,
2023-03-22,68155,686.0,
2023-03-21,67580,686.0,
2023-03-20,67580,687.0,
2023-03-19,,0.0,
2023-03-18,,687.0,
2023-03-17,67265,688.0,
2023-03-16,67190,689.0,
2023-03-15,68950,686.0,
2023-03-14,68675,683.0,
2023-03-13,69070,691.0,
2023-03-12,,0.0,
2023-03-11,,0.0,
2023-03-10,69015,695.0,
2023-03-09,69320,694.0,
2023-03-08,68820,694.0,
2023-03-07,69620,695.0,
2023-03-06,,,
2023-03-05,,,
2023-03-04,,,
2023-03-03,,,
2023-03-02,,,
2023-03-01,,,
2023-02-28,,,
2023-02-27,,,
2023-02-26,,,
2023-02-25,,,
2023-02-24,,,
2023-02-23,,,
2023-02-22,70315,,
2023-02-21,69705,,
2023-02-20,,,
2023-02-19,,,
2023-02-18,,,
2023-02-17,,,
2023-02-16,,,
2023-02-15,,,
2023-02-14,,,
2023-02-13,,,
2023-02-12,,,
2023-02-11,,,
2023-02-10,,,
2023-02-09,68250,,
2023-02-08,68240,,
2023-02-07,,,
2023-02-06,,,
2023-02-05,,,
2023-02-04,,,
2023-02-03,,,
2023-02-02,,,
2023-02-01,,,
2023-01-31,,,
2023-01-30,,,
2023-01-29,,,
2023-01-28,,,
2023-01-27,,,
2023-01-26,,,
2023-01-25,,,
2023-01-24,,,
2023-01-23,,,
2023-01-22,,,
2023-01-21,,,
2023-01-20,,,
2023-01-19,,,
2023-01-18,,,
2023-01-17,,,
2023-01-16,,,
2023-01-15,,,
2023-01-14,,,
2023-01-13,,,
2023-01-12,,,
2023-01-11,,,
2023-01-10,,,
2023-01-09,66190,,
2023-01-08,,,
2023-01-07,,,
2023-01-06,65170,,
2023-01-05,64275,,
2023-01-04,65135,,
2023-01-03,65805,,
2023-01-02,,,
2023-01-01,,,
2022-12-31,,,
2022-12-30,66185,,
2022-12-29,66195,,
2022-12-28,66240,,
2022-12-27,,,
2022-12-26,,,
2022-12-25,,,
2022-12-24,,,
2022-12-23,66020,,
2022-12-22,66780,,
2022-12-21,66350,,
2022-12-20,65750,,
2022-12-19,66030,,
2022-12-18,,,
2022-12-17,,,
2022-12-16,65755,,
2022-12-15,66130,,
2022-12-14,66640,,
2022-12-13,66150,,
2022-12-12,66205,,
2022-12-11,,,
2022-12-10,,,
2022-12-09,,,
2022-12-08,,,
2022-12-07,,,
2022-12-06,66560,,
2022-12-05,65885,,
2022-12-04,,,
2022-12-03,,,
2022-12-02,,,
2022-12-01,66380,,
2022-11-30,65325,,
2022-11-29,65525,,
2022-11-28,64900,,
2022-11-27,,,
2022-11-26,,,
2022-11-25,65630,,
2022-11-24,65475,,
2022-11-23,65280,,
2022-11-22,65175,,
2022-11-21,65285,,
2022-11-20,,,
2022-11-19,,,
2022-11-18,66275,,
2022-11-17,66610,,
2022-11-16,67030,,
2022-11-15,67300,,
2022-11-14,67810,,
2022-11-13,,,
2022-11-12,,,
2022-11-11,68560,,
2022-11-10,67350,,
2022-11-09,66810,,
2022-11-08,66235,,
2022-11-07,66410,,
2022-11-06,,,
2022-11-05,,,
2022-11-04,64640,,
2022-11-03,64700,,
2022-11-02,64910,,
2022-11-01,64300,,
2022-10-31,63795,,
2022-10-30,,,
2022-10-29,,,
2022-10-28,64610,,
2022-10-27,64690,,
2022-10-26,63950,,
2022-10-25,64275,,
2022-10-24,64515,,
2022-10-23,,,
2022-10-22,,,
2022-10-21,64050,,
2022-10-20,62885,,
2022-10-19,62990,,
2022-10-18,63530,,
2022-10-17,64500,,
2022-10-16,,,
2022-10-15,,,
2022-10-14,64765,,
2022-10-13,64000,,
2022-10-12,63800,,
2022-10-11,63970,,
2022-10-10,62475,,
2022-10-09,,,
2022-10-08,,,
2022-10-07,,,
2022-10-06,,,
2022-10-05,,,
2022-10-04,,,
2022-10-03,,,
2022-10-02,,,
2022-10-01,,,
2022-09-30,62675,,
2022-09-29,62440,,
2022-09-28,61410,,
2022-09-27,61515,,
2022-09-26,61640,,
2022-09-25,,,
2022-09-24,,,
2022-09-23,63075,,
2022-09-22,63110,,
2022-09-21,63115,,
2022-09-20,63330,,
2022-09-19,63490,,
2022-09-18,,,
2022-09-17,,,
2022-09-16,,,
2022-09-15,63315,,
2022-09-14,63085,,
2022-09-13,63840,,
2022-09-12,63680,,
2022-09-11,,,
2022-09-10,63840,,
2022-09-09,63680,,
2022-09-08,61830,,
2022-09-07,,,
2022-09-06,61770,,
2022-09-05,60840,,
2022-09-04,,,
2022-09-03,,,
2022-09-02,60475,,
2022-09-01,61710,,
2022-08-31,,,
2022-08-30,,,
2022-08-29,63735,,
2022-08-28,,,
2022-08-27,,,
2022-08-26,64290,,
2022-08-25,,,
2022-08-24,63715,,
2022-08-23,63585,,
2022-08-22,63630,,
2022-08-21,,,
2022-08-20,,,
2022-08-19,62935,,
2022-08-18,62310,,
2022-08-17,62500,,
2022-08-16,62390,,
2022-08-15,62300,,
2022-08-14,,,
2022-08-13,,,
2022-08-12,63040,,
2022-08-11,62505,,
2022-08-10,61785,,
2022-08-09,61550,,
2022-08-08,61435,,
2022-08-07,,,
2022-08-06,,,
2022-08-05,60530,,
2022-08-04,59960,,
2022-08-03,60260,,
2022-08-02,60185,,
2022-08-01,61600,,
2022-07-31,,,
2022-07-30,,,
2022-07-29,60360,,
2022-07-28,,,
2022-07-27,,,
2022-07-26,58925,,
2022-07-25,57655,,
2022-07-24,,,
2022-07-23,,,
2022-07-22,57090,,
2022-07-21,56385,,
2022-07-20,56850,,
2022-07-19,56230,,
2022-07-18,55910,,
2022-07-17,,,
2022-07-16,,,
2022-07-15,55080,,
2022-07-14,56295,,
2022-07-13,56450,,
2022-07-12,58540,,
2022-07-11,58540,,
2022-07-10,,,
2022-07-09,,,
2022-07-08,59860,,
2022-07-07,58390,,
2022-07-06,58425,,
2022-07-05,61235,,
2022-07-04,61530,,
2022-07-03,,,
2022-07-02,,,
2022-07-01,,,
2022-06-30,64285,,
2022-06-29,48180,,
2022-06-28,64120,,
2022-06-27,64500,,
2022-06-26,,,
2022-06-25,,,
2022-06-24,64320,,
2022-06-23,66020,,
2022-06-22,68170,,
2022-06-21,68720,,
2022-06-20,68805,,
2022-06-19,,,
2022-06-18,,,
2022-06-17,70025,,
2022-06-16,71275,,
2022-06-15,71240,,
2022-06-14,71670,,
2022-06-13,72185,,
2022-06-12,,,
2022-06-11,,,
2022-06-10,72730,,
2022-06-09,73015,,
2022-06-08,72940,,
2022-06-07,73000,,
2022-06-06,73225,,
2022-06-05,,,
2022-06-04,,,
2022-06-03,,,
2022-06-02,72530,,
2022-06-01,72150,,
2022-05-31,72600,,
2022-05-30,72700,,
2022-05-29,,,
2022-05-28,,,
2022-05-27,72600,,
2022-05-26,71940,,
2022-05-25,72255,,
2022-05-24,72520,,
2022-05-23,72400,,
2022-05-22,,,
2022-05-21,,,
2022-05-20,72170,,
2022-05-19,71740,,
2022-05-18,72075,,
2022-05-17,72185,,
2022-05-16,71670,,
2022-05-15,,,
2022-05-14,,,
2022-05-13,71175,,
2022-05-12,72100,,
2022-05-11,71985,,
2022-05-10,71955,,
2022-05-09,72450,,
2022-05-08,,,
2022-05-07,,,
2022-05-06,72825,,
2022-05-05,73750,,
2022-05-04,,,
2022-05-03,,,
2022-05-02,,,
2022-05-01,,,
2022-04-30,,,
2022-04-29,73940,,
2022-04-28,74005,,
2022-04-27,73785,,
2022-04-26,73930,,
2022-04-25,74370,,
2022-04-24,,,
2022-04-23,,,
2022-04-22,75085,,
2022-04-21,74885,,
2022-04-20,74735,,
2022-04-19,75540,,
2022-04-18,75550,,
2022-04-17,,,
2022-04-16,,,
2022-04-15,75360,,
2022-04-14,74375,,
2022-04-13,74500,,
2022-04-12,73800,,
2022-04-11,73715,,
2022-04-10,,,
2022-04-09,,,
2022-04-08,73760,,
2022-04-07,73740,,
2022-04-06,73980,,
2022-04-05,,,
2022-04-04,,,
2022-04-03,,,
2022-04-02,,,
2022-04-01,73650,,
2022-03-31,73600,,
2022-03-30,73920,,
2022-03-29,74165,,
2022-03-28,73360,,
2022-03-27,,,
2022-03-26,,,
2022-03-25,73780,,
2022-03-24,73900,,
2022-03-23,73400,,
2022-03-22,73500,,
2022-03-21,73465,,
2022-03-20,,,
2022-03-19,,,
2022-03-18,73280,,
2022-03-17,72030,,
2022-03-16,,,
2022-03-15,71780,,
2022-03-14,72240,,
2022-03-13,,,
2022-03-12,,,
2022-03-11,72180,,
2022-03-10,72020,,
2022-03-09,73090,,
2022-03-08,72945,,
2022-03-07,75065,,
2022-03-06,,,
2022-03-05,,,
2022-03-04,72850,,
2022-03-03,72550,,
2022-03-02,71550,,
2022-03-01,,,
2022-02-28,70850,,
2022-02-27,,,
2022-02-26,,,
2022-02-25,71120,,
2022-02-24,70840,,
2022-02-23,71170,,
2022-02-22,71180,,
2022-02-21,71525,,
2022-02-20,,,
2022-02-19,,,
2022-02-18,71540,,
2022-02-17,,,
2022-02-16,71550,,
2022-02-15,71095,,
2022-02-14,71480,,
2022-02-13,,,
2022-02-12,,,
2022-02-11,72570,,
2022-02-10,72230,,
2022-02-09,70490,,
2022-02-08,70730,,
2022-02-07,,,
2022-02-06,,,
2022-02-05,,,
2022-02-04,,,
2022-02-03,,,
2022-02-02,,,
2022-02-01,,,
2022-01-31,,,
2022-01-30,,,
2022-01-29,,,
2022-01-28,,,
2022-01-27,,,
2022-01-26,,,
2022-01-25,,,
2022-01-24,,,
2022-01-23,,,
2022-01-22,,,
2022-01-21,,,
2022-01-20,,,
2022-01-19,,,
2022-01-18,,,
2022-01-17,,,
2022-01-16,,,
2022-01-15,,,
2022-01-14,71550,,
2022-01-13,72200,,
2022-01-12,,,
2022-01-11,69870,,
2022-01-10,70050,,
2022-01-09,,,
2022-01-08,,,
2022-01-07,69795,,
2022-01-06,69980,,
2022-01-05,70480,,
2022-01-04,69840,,
2022-01-03,69920,,
2022-01-02,,,
2022-01-01,,,
2021-12-31,,,
2021-12-30,,,
2021-12-29,,,
2021-12-28,,,
2021-12-27,,,
2021-12-26,,,
2021-12-25,,,
2021-12-24,,,
2021-12-23,,,
2021-12-22,,,
2021-12-21,,,
2021-12-20,,,
2021-12-19,,,
2021-12-18,,,
2021-12-17,69546,6.36,
2021-12-16,,,
2021-12-15,,,
2021-12-14,,,
2021-12-13,,,
2021-12-12,,,
2021-12-11,,,
2021-12-10,,,
2021-12-09,,,
2021-12-08,,,
2021-12-07,,,
2021-12-06,,,
2021-12-05,,,
2021-12-04,,,
2021-12-03,,,
2021-12-02,,,
2021-12-01,,,
2021-11-30,,,
2021-11-29,,,
2021-11-28,,,
2021-11-27,,,
2021-11-26,,,
2021-11-25,,,
2021-11-24,72400,6.37,
2021-11-23,71840,6.37,
2021-11-22,71950,6.37,
2021-11-21,,,
2021-11-20,,,
2021-11-19,72400,6.37,
2021-11-18,,,
2021-11-17,70970,6.37,
2021-11-16,,,
2021-11-15,,,
2021-11-14,,,
2021-11-13,,,
2021-11-12,71450,6.37,
2021-11-11,,,
2021-11-10,,,
2021-11-09,71185,6.38,
2021-11-08,70900,6.38,
2021-11-07,,,
2021-11-06,,,
2021-11-05,,,
2021-11-04,71260,6.38,
2021-11-03,70880,6.39,
2021-11-02,71225,6.39,
2021-11-01,71120,6.39,
2021-10-31,,,
2021-10-30,,,
2021-10-29,,,
2021-10-28,70760,6.37,
2021-10-27,,,
2021-10-26,,,
2021-10-25,72650,6.37,
2021-10-24,,,
2021-10-23,,,
2021-10-22,73085,6.38,
2021-10-21,,,
2021-10-20,,,
2021-10-19,75780,6.4,
2021-10-18,75955,6.41,
2021-10-17,,,
2021-10-16,,,
2021-10-15,74050,6.42,
2021-10-14,72150,6.42,
2021-10-13,,,
2021-10-12,70385,6.43,
2021-10-11,,,
2021-10-10,,,
2021-10-09,,,
2021-10-08,,,
2021-10-07,,,
2021-10-06,,,
2021-10-05,,,
2021-10-04,,,
2021-10-03,,,
2021-10-02,,,
2021-10-01,,,
2021-09-30,,,
2021-09-29,68915,6.45,
2021-09-28,69500,6.45,
2021-09-27,70090,6.44,
2021-09-26,,,
2021-09-25,,,
2021-09-24,69350,6.44,
2021-09-23,69350,6.44,
2021-09-22,69060,6.44,
2021-09-21,,,
2021-09-20,,,
2021-09-19,,,
2021-09-18,,,
2021-09-17,,,
2021-09-16,,,
2021-09-15,,,
2021-09-14,70500,6.43,
2021-09-13,71475,6.43,
2021-09-12,,,
2021-09-11,,,
2021-09-10,70000,6.43,
2021-09-09,68760,6.45,
2021-09-08,69270,6.45,
2021-09-07,96590,6.45,
2021-09-06,69750,6.45,
2021-09-05,,,
2021-09-04,,,
2021-09-03,69495,6.45,
2021-09-02,69440,6.45,
2021-09-01,69950,6.45,
2021-08-31,70320,6.45,
2021-08-30,70100,6.45,
2021-08-29,,,
2021-08-28,,,
2021-08-27,69180,6.47,
2021-08-26,69340,6.47,
2021-08-25,69610,6.47,
2021-08-24,68960,6.47,
2021-08-23,68270,6.48,
2021-08-22,,,
2021-08-21,,,
2021-08-20,67190,6.46,
2021-08-19,67190,6.46,
2021-08-18,69200,6.46,
2021-08-17,70020,6.46,
2021-08-16,70340,6.46,
2021-08-15,,,
2021-08-14,,,
2021-08-13,70230,6.46,
2021-08-12,70340,6.46,
2021-08-11,70015,6.46,
2021-08-10,69550,6.46,
2021-08-09,69605,6.46,
2021-08-08,,,
2021-08-07,,,
2021-08-06,69770,6.45,
2021-08-05,69670,6.45,
2021-08-04,70260,6.45,
2021-08-03,71030,6.45,
2021-08-02,71425,6.45,
2021-08-01,,,
2021-07-31,,,
2021-07-30,71850,6.45,
2021-07-29,71775,6.45,
2021-07-28,72370,6.49,
2021-07-27,72665,6.46,
2021-07-26,71225,6.47,
2021-07-25,,,
2021-07-24,,,
2021-07-23,70060,6.46,
2021-07-22,68975,6.46,
2021-07-21,,,
2021-07-20,68340,6.46,
2021-07-19,69220,6.46,
2021-07-18,,,
2021-07-17,,,
2021-07-16,69695,6.45,
2021-07-15,68835,6.45,
2021-07-14,,,
2021-07-13,69375,6.45,
2021-07-12,69490,6.45,
2021-07-11,,,
2021-07-10,,,
2021-07-09,68720,6.45,
2021-07-08,68880,6.45,
2021-07-07,68510,6.45,
2021-07-06,69700,6.45,
2021-07-05,68660,6.46,
2021-07-04,,,
2021-07-03,,,
2021-07-02,68025,6.46,
2021-07-01,68665,6.45,
2021-06-30,68375,6.44,
2021-06-29,68145,6.45,
2021-06-28,68300,6.45,
2021-06-27,,,
2021-06-26,,,
2021-06-25,68860,6.45,
2021-06-24,68640,6.45,
2021-06-23,68220,6.45,
2021-06-22,67200,6.45,
2021-06-21,66860,6.45,
2021-06-20,,,
2021-06-19,,,
2021-06-18,67780,6.43,
2021-06-17,69170,6.4,
2021-06-16,69290,6.39,
2021-06-15,69965,6.37,
2021-06-14,,,
2021-06-13,,,
2021-06-12,,,
2021-06-11,70760,6.37,
2021-06-10,71280,6.38,
2021-06-09,71740,6.38,
2021-06-08,71320,6.38,
2021-06-07,71530,6.39,
2021-06-06,,,
2021-06-05,,,
2021-06-04,71030,6.39,
2021-06-03,72910,6.37,
2021-06-02,73640,6.37,
2021-06-01,73775,6.37,
2021-05-31,73600,6.36,
2021-05-30,,,
2021-05-29,,,
2021-05-28,73390,6.35,
2021-05-27,71325,6.35,
2021-05-26,71720,6.38,
2021-05-25,72360,6.4,
2021-05-24,71370,6.42,
2021-05-23,,,
2021-05-22,,,
2021-05-21,71970,6.42,
2021-05-20,72475,6.42,
2021-05-19,74860,6.42,
2021-05-18,75700,6.41,
2021-05-17,74620,6.43,
2021-05-16,,,
2021-05-15,,,
2021-05-14,74860,6.43,
2021-05-13,75970,6.44,
2021-05-12,76010,6.43,
2021-05-11,75350,6.41,
2021-05-10,76900,6.42,
2021-05-09,,,
2021-05-08,,,
2021-05-07,74170,6.44,
2021-05-06,72800,6.46,
2021-05-05,,,
2021-05-04,,,
2021-05-03,,,
2021-05-02,,,
2021-05-01,,,
2021-04-30,71690,6.46,
2021-04-29,72330,6.46,
2021-04-28,70945,6.47,
2021-04-27,71865,6.47,
2021-04-26,69940,6.48,
2021-04-25,,,
2021-04-24,,,
2021-04-23,69110,6.48,
2021-04-22,,,
2021-04-21,,,
2021-04-20,68940,6.48,
2021-04-19,68200,6.51,
2021-04-18,,,
2021-04-17,,,
2021-04-16,68550,6.52,
2021-04-15,67180,6.53,
2021-04-14,66170,6.53,
2021-04-13,65690,6.54,
2021-04-12,65710,6.54,
2021-04-11,,,
2021-04-10,,,
2021-04-09,66770,6.54,
2021-04-08,66390,6.53,
2021-04-07,66900,6.53,
2021-04-06,67130,6.54,
2021-04-05,,,
2021-04-04,,,
2021-04-03,,,
2021-04-02,65885,6.55,
2021-04-01,65500,6.56,
2021-03-31,65160,6.55,
2021-03-30,66160,6.56,
2021-03-29,66235,6.52,
2021-03-28,,,
2021-03-27,,,
2021-03-26,6566,6.52,
2021-03-25,65900,6.5,
2021-03-24,66090,6.5,
2021-03-23,,6.5,
2021-03-22,66830,6.5,
2021-03-21,,,
2021-03-20,,,
2021-03-19,66600,6.5,
2021-03-18,67110,6.49,
2021-03-17,66120,6.49,
2021-03-16,67200,6.49,
2021-03-15,67710,6.49,
2021-03-14,,,
2021-03-13,,,
2021-03-12,66660,6.48,
2021-03-11,65550,6.49,
2021-03-10,65520,6.5,
2021-03-09,66560,6.51,
2021-03-08,66480,6.5,
2021-03-07,,,
2021-03-06,,,
2021-03-05,64735,6.46,
2021-03-04,66990,6.46,
2021-03-03,67825,6.45,
2021-03-02,66160,6.46,
2021-03-01,67560,6.45,
2021-02-28,,,
2021-02-27,,,
2021-02-26,68395,6.46,
2021-02-25,69900,6.44,
2021-02-24,68075,6.45,
2021-02-23,67600,6.45,
2021-02-22,67080,6.45,
2021-02-21,,,
2021-02-20,,,
2021-02-19,63240,6.46,
2021-02-18,62685,4.45,
2021-02-17,,,
2021-02-16,,,
2021-02-15,,,
2021-02-14,,,
2021-02-13,,,
2021-02-12,,,
2021-02-11,,,
2021-02-10,60205,,
2021-02-09,59380,,
2021-02-08,58915,,
2021-02-07,,,
2021-02-06,,,
2021-02-05,58000,,
2021-02-04,57815,,
2021-02-03,57180,,
2021-02-02,57725,,
2021-02-01,57840,,
2021-01-31,,,
2021-01-30,,,
2021-01-29,58170,6.44,
2021-01-28,57945,6.46,
2021-01-27,58770,6.45,
2021-01-26,58840,6.46,
2021-01-25,59070,6.46,
2021-01-24,,,
2021-01-23,,,
2021-01-22,58920,6.45,
2021-01-21,59250,6.45,
2021-01-20,59040,6.47,
2021-01-19,59030,6.47,
2021-01-18,58675,6.48,
2021-01-17,,,
2021-01-16,,,
2021-01-15,59635,6.46,
2021-01-14,58700,6.45,
2021-01-13,58830,6.46,
2021-01-12,58240,6.46,
2021-01-11,59490,6.47,
2021-01-10,,,
2021-01-09,,,
2021-01-08,60350,6.45,
2021-01-07,59330,6.45,
2021-01-06,59160,6.45,
2021-01-05,58120,6.45,
2021-01-04,58055,6.45,
2021-01-03,,,
2021-01-02,,,
2021-01-01,,,
2020-12-31,57910,6.51,
2020-12-30,58090,6.51,
2020-12-29,58530,6.52,
2020-12-28,58770,6.52,
2020-12-27,,,
2020-12-26,,,
2020-12-25,58240,6.52,
2020-12-24,58140,6.52,
2020-12-23,57570,6.53,
2020-12-22,58560,6.54,
2020-12-21,58835,6.54,
2020-12-20,,,
2020-12-19,,,
2020-12-18,59065,6.53,
2020-12-17,58075,6.52,
2020-12-16,57875,6.52,
2020-12-15,57420,6.53,
2020-12-14,57920,6.53,
2020-12-13,,,
2020-12-12,,,
2020-12-11,58395,6.53,
2020-12-10,57010,6.54,
2020-12-09,57270,6.52,
2020-12-08,57020,6.52,
2020-12-07,57360,6.52,
2020-12-06,,,
2020-12-05,,,
2020-12-04,57260,6.53,
2020-12-03,57250,6.54,
2020-12-02,57250,6.56,
2020-12-01,57340,6.56,
2020-11-30,57330,6.57,
2020-11-29,,,
2020-11-28,,,
2020-11-27,55640,6.57,
2020-11-26,55135,6.55,
2020-11-25,54930,6.57,
2020-11-24,54100,6.57,
2020-11-23,54150,6.55,
2020-11-22,,,
2020-11-21,,,
2020-11-20,53140,6.56,
2020-11-19,52870,6.55,
2020-11-18,52710,6.53,
2020-11-17,53230,6.55,
2020-11-16,53300,6.57,
2020-11-15,,,
2020-11-14,,,
2020-11-13,52020,6.61,
2020-11-12,51880,6.6,
2020-11-11,51975,6.58,
2020-11-10,52205,6.6,
2020-11-09,52250,6.57,
2020-11-08,,,
2020-11-07,,,
2020-11-06,51635,6.6,
2020-11-05,51635,6.65,
2020-11-04,51690,6.68,
2020-11-03,51725,6.68,
2020-11-02,51100,6.67,
2020-11-01,,,
2020-10-31,,,
2020-10-30,51530,6.68,
2020-10-29,51580,6.7,
2020-10-28,51720,6.7,
2020-10-27,51540,6.69,
2020-10-26,51920,6.7,
2020-10-25,,,
2020-10-24,,,
2020-10-23,52190,6.67,
2020-10-22,52365,6.65,
2020-10-21,52245,6.66,
2020-10-20,51440,6.67,
2020-10-19,51610,6.69,
2020-10-18,,,
2020-10-17,,,
2020-10-16,51820,6.68,
2020-10-15,51365,6.71,
2020-10-14,54170,6.73,
2020-10-13,51540,6.74,
2020-10-12,51580,6.71,
2020-10-11,,,
2020-10-10,,,
2020-10-09,51565,6.7,
2020-10-08,,,
2020-10-07,,,
2020-10-06,,,
2020-10-05,,,
2020-10-04,,,
2020-10-03,,,
2020-10-02,,,
2020-10-01,,,
2020-09-30,,,
2020-09-29,,,
2020-09-28,50980,6.8,
2020-09-27,,,
2020-09-26,,,
2020-09-25,50840,6.8,
2020-09-24,50720,6.8,
2020-09-23,51625,6.77,
2020-09-22,51870,6.77,
2020-09-21,52470,6.74,
2020-09-20,,,
2020-09-19,,,
2020-09-18,52200,6.74,
2020-09-17,51460,6.75,
2020-09-16,51890,6.76,
2020-09-15,52150,6.77,
2020-09-14,52280,6.82,
2020-09-13,,,
2020-09-12,,,
2020-09-11,51550,6.82,
2020-09-10,52140,6.82,
2020-09-09,52050,6.82,
2020-09-08,52525,6.82,
2020-09-07,52640,6.82,
2020-09-06,,,
2020-09-05,,,
2020-09-04,51450,6.83,
2020-09-03,52140,6.83,
2020-09-02,51925,6.82,
2020-09-01,52370,6.81,
2020-08-31,52005,6.83,
2020-08-30,,,
2020-08-29,,,
2020-08-28,,,
2020-08-27,,,
2020-08-26,51390,6.89,
2020-08-25,51375,6.9,
2020-08-24,51310,6.9,
2020-08-23,,,
2020-08-22,,,
2020-08-21,52070,6.89,
2020-08-20,52195,6.9,
2020-08-19,52285,6.91,
2020-08-18,51135,6.92,
2020-08-17,50380,6.92,
2020-08-16,,,
2020-08-15,.,,
2020-08-14,50045,6.93,
2020-08-13,50540,6.93,
2020-08-12,50050,6.94,
2020-08-11,50800,6.94,
2020-08-10,50090,6.95,
2020-08-09,,,
2020-08-08,,,
2020-08-07,51425,6.93,
2020-08-06,51425,6.93,
2020-08-05,51380,6.94,
2020-08-04,51700,6.96,
2020-08-03,50990,6.96,
2020-08-02,,,
2020-08-01,,,
2020-07-31,51870,6.98,
2020-07-30,51880,6.99,
2020-07-29,51820,6.99,
2020-07-28,51990,6.99,
2020-07-27,51720,6.99,
2020-07-26,,,
2020-07-25,,,
2020-07-24,51920,7.01,
2020-07-23,51865,6.98,
2020-07-22,52600,6.98,
2020-07-21,,,
2020-07-20,51375,6.97,
2020-07-19,,,
2020-07-18,,,
2020-07-17,51690,6.98,
2020-07-16,51230,6.98,
2020-07-15,,,
2020-07-14,52110,6.99,
2020-07-13,53000,6.99,
2020-07-12,,,
2020-07-11,,,
2020-07-10,50610,6.99,
2020-07-09,50580,6.98,
2020-07-08,49850,6.98,
2020-07-07,49615,7.0,
2020-07-06,49115,7.04,
2020-07-05,,,
2020-07-04,,,
2020-07-03,49225,7.05,
2020-07-02,49470,7.05,
2020-07-01,49435,7.05,
2020-06-30,48910,7.06,
2020-06-29,48770,7.06,
2020-06-28,,,
2020-06-27,,,
2020-06-26,,,
2020-06-25,,,
2020-06-24,,,
2020-06-23,47850,7.06,
2020-06-22,47900,7.07,
2020-06-21,,,
2020-06-20,,,
2020-06-19,47480,7.07,
2020-06-18,47090,7.07,
2020-06-17,46905,7.06,
2020-06-16,47075,7.06,
2020-06-15,46830,7.06,
2020-06-14,,,
2020-06-13,,,
2020-06-12,46760,7.06,
2020-06-11,46760,7.06,
2020-06-10,46850,7.06,
2020-06-09,46350,7.06,
2020-06-08,45710,7.06,
2020-06-07,,,
2020-06-06,,,
2020-06-05,44865,7.1,
2020-06-04,44865,7.11,
2020-06-03,45100,7.09,
2020-06-02,44890,7.11,
2020-06-01,44135,7.11,
2020-05-31,,,
2020-05-30,,,
2020-05-29,44135,7.14,
2020-05-28,44030,7.14,
2020-05-27,44170,7.14,
2020-05-26,44030,7.12,
2020-05-25,43790,7.13,
2020-05-24,,,
2020-05-23,,,
2020-05-22,43780,7.12,
2020-05-21,44610,7.08,
2020-05-20,44035,7.08,
2020-05-19,44060,7.08,
2020-05-18,43260,7.08,
2020-05-17,,,
2020-05-16,,,
2020-05-15,43340,7.08,
2020-05-14,43150,7.08,
2020-05-13,43080,7.08,
2020-05-12,43580,7.08,
2020-05-11,44130,7.06,
2020-05-10,,,
2020-05-09,,,
2020-05-08,43590,7.07,
2020-05-07,43015,7.08,
2020-05-06,42825,7.08,
2020-05-05,,,
2020-05-04,,,
2020-05-03,,,
2020-05-02,,,
2020-05-01,,,
2020-04-30,43020,7.05,
2020-04-29,42820,7.06,
2020-04-28,42465,7.07,
2020-04-27,42860,7.07,
2020-04-26,,,
2020-04-25,,,
2020-04-24,42110,7.07,
2020-04-23,41975,7.07,
2020-04-22,41035,7.07,
2020-04-21,42025,7.07,
2020-04-20,42650,7.06,
2020-04-19,,,
2020-04-18,,,
2020-04-17,42465,7.06,
2020-04-16,41770,7.07,
2020-04-15,41835,7.06,
2020-04-14,41970,7.06,
2020-04-13,41920,7.06,
2020-04-12,,,
2020-04-11,,,
2020-04-10,40950,,
2020-04-09,40950,7.05,
2020-04-08,40725,7.05,
2020-04-07,40830,7.06,
2020-04-06,39740,7.07,
2020-04-05,,,
2020-04-04,,,
2020-04-03,39740,7.08,
2020-04-02,39190,7.08,
2020-04-01,39580,7.09,
2020-03-31,39435,7.09,
2020-03-30,38625,7.09,
2020-03-29,,,
2020-03-28,,,
2020-03-27,38890,7.06,
2020-03-26,38960,7.06,
2020-03-25,38775,7.06,
2020-03-24,37950,7.07,
2020-03-23,36640,7.09,
2020-03-22,,,
2020-03-21,,,
2020-03-20,38320,7.08,
2020-03-19,37555,7.03,
2020-03-18,41400,7.0,
2020-03-17,42160,6.99,
2020-03-16,43180,6.99,
2020-03-15,,,
2020-03-14,,,
2020-03-13,42750,7.0,
2020-03-12,43165,6.96,
2020-03-11,44275,6.94,
2020-03-10,44035,6.93,
2020-03-09,43525,6.91,
2020-03-08,,,
2020-03-07,,,
2020-03-06,44735,6.92,
2020-03-05,45050,6.91,
2020-03-04,45010,6.94,
2020-03-03,45340,6.94,
2020-03-02,44780,6.97,
2020-03-01,,,
2020-02-29,,,
2020-02-28,44680,6.99,
2020-02-27,45190,7.0,
2020-02-26,45370,7.0,
2020-02-25,45520,7.0,
2020-02-24,45535,7.02,
2020-02-23,,,
2020-02-22,,,
2020-02-21,45920,7.01,
2020-02-20,46010,6.99,
2020-02-19,45995,6.98,
2020-02-18,45950,6.98,
2020-02-17,45840,6.96,
2020-02-16,,,
2020-02-15,,,
2020-02-14,45650,6.96,
2020-02-13,45500,6.96,
2020-02-12,45390,6.94,
2020-02-11,45360,6.96,
2020-02-10,45340,6.97,
2020-02-09,,,
2020-02-08,,,
2020-02-07,45575,6.97,
2020-02-06,45750,6.94,
2020-02-05,45240,6.99,
2020-02-04,44950,6.98,
2020-02-03,44915,7.0,
2020-02-02,,,
2020-02-01,,,
2020-01-31,,,
2020-01-30,,,
2020-01-29,,,
2020-01-28,,,
2020-01-27,,,
2020-01-26,,,
2020-01-25,,,
2020-01-24,,,
2020-01-23,48020,,
2020-01-22,48250,,
2020-01-21,48390,,
2020-01-20,48850,6.84,
2020-01-19,,,
2020-01-18,,,
2020-01-17,48920,6.86,
2020-01-16,48940,6.87,
2020-01-15,49050,6.88,
2020-01-14,48990,6.88,
2020-01-13,48590,6.89,
2020-01-12,,,
2020-01-11,,,
2020-01-10,48600,6.92,
2020-01-09,48780,6.93,
2020-01-08,48640,6.93,
2020-01-07,48760,6.94,
2020-01-06,48730,6.96,
2020-01-05,,,
2020-01-04,,,
2020-01-03,48935,6.96,
2020-01-02,49030,6.95,
2020-01-01,,,
2019-12-31,49020,6.95,
2019-12-30,49195,6.97,
2019-12-29,,,
2019-12-28,,,
2019-12-27,49410,6.98,
2019-12-26,49320,6.98,
2019-12-25,49270,6.99,
2019-12-24,48900,7.0,
2019-12-23,48800,7.0,
2019-12-22,,,
2019-12-21,,,
2019-12-20,49050,6.99,
2019-12-19,48830,6.99,
2019-12-18,48965,6.99,
2019-12-17,48965,6.99,
2019-12-16,48665,6.99,
2019-12-15,,,
2019-12-14,,,
2019-12-13,48945,6.96,
2019-12-12,48905,7.02,
2019-12-11,48485,7.03,
2019-12-10,48420,7.03,
2019-12-09,48155,7.02,
2019-12-08,,,
2019-12-07,,,
2019-12-06,47375,7.03,
2019-12-05,47275,7.03,
2019-12-04,47090,7.02,
2019-12-03,,7.02,
2019-12-02,47345,7.02,
2019-12-01,,,
2019-11-30,,,
2019-11-29,47300,7.02,
2019-11-28,47345,7.02,
2019-11-27,47330,7.01,
2019-11-26,47120,7.01,
2019-11-25,47170,7.01,
2019-11-24,,,
2019-11-23,,,
2019-11-22,46925,7.02,
2019-11-21,47065,7.03,
2019-11-20,47190,7.02,
2019-11-19,46955,7.01,
2019-11-18,47025,7.0,
2019-11-17,,,
2019-11-16,,,
2019-11-15,46935,7.0,
2019-11-14,47025,7.01,
2019-11-13,47050,7.0,
2019-11-12,47125,6.99,
2019-11-11,47175,6.99,
2019-11-10,,,
2019-11-09,,,
2019-11-08,,,
2019-11-07,,,
2019-11-06,47370,6.96,
2019-11-05,47120,7.0,
2019-11-04,47030,7.01,
2019-11-03,,,
2019-11-02,,,
2019-11-01,46950,7.02,
2019-10-31,47200,7.03,
2019-10-30,47390,7.05,
2019-10-29,47345,7.05,
2019-10-28,47370,7.05,
2019-10-27,,,
2019-10-26,,,
2019-10-25,47225,7.06,
2019-10-24,47340,7.06,
2019-10-23,47035,7.06,
2019-10-22,47170,7.06,
2019-10-21,47190,7.06,
2019-10-20,,,
2019-10-19,,,
2019-10-18,46740,7.06,
2019-10-17,46700,7.06,
2019-10-16,46915,7.08,
2019-10-15,46987,7.06,
2019-10-14,47060,7.06,
2019-10-13,,,
2019-10-12,,,
2019-10-11,47060,7.09,
2019-10-10,46735,7.1,
2019-10-09,46795,7.13,
2019-10-08,47025,7.11,
2019-10-07,,,
2019-10-06,,,
2019-10-05,,,
2019-10-04,,,
2019-10-03,,,
2019-10-02,,,
2019-10-01,,,
2019-09-30,,,
2019-09-29,,,
2019-09-28,,,
2019-09-27,46760,7.12,
2019-09-26,47230,7.11,
2019-09-25,47240,7.1,
2019-09-24,47325,7.1,
2019-09-23,47325,7.1,
2019-09-22,,,
2019-09-21,,,
2019-09-20,47395,7.08,
2019-09-19,47460,7.08,
2019-09-18,47505,7.07,
2019-09-17,47505,7.07,
2019-09-16,47790,7.06,
2019-09-15,,,
2019-09-14,,,
2019-09-13,,,
2019-09-12,47390,7.08,
2019-09-11,47295,7.1,
2019-09-10,47465,7.1,
2019-09-09,47365,7.11,
2019-09-08,,,
2019-09-07,,,
2019-09-06,47550,7.13,
2019-09-05,47150,7.13,
2019-09-04,46340,7.15,
2019-09-03,46500,7.15,
2019-09-02,46630,7.15,
2019-09-01,,,
2019-08-31,,,
2019-08-30,46725,7.14,
2019-08-29,46615,7.15,
2019-08-28,46590,7.14,
2019-08-27,46450,7.15,
2019-08-26,46055,7.13,
2019-08-25,,,
2019-08-24,,,
2019-08-23,46300,7.08,
2019-08-22,46415,7.06,
2019-08-21,46395,7.05,
2019-08-20,46655,7.05,
2019-08-19,46480,7.03,
2019-08-18,,,
2019-08-17,,,
2019-08-16,46460,7.03,
2019-08-15,46370,7.01,
2019-08-14,46640,7.03,
2019-08-13,,,
2019-08-12,46560,7.05,
2019-08-11,,,
2019-08-10,,,
2019-08-09,46610,7.04,
2019-08-08,46480,7.04,
2019-08-07,46480,7.03,
2019-08-06,46150,7.05,
2019-08-05,45960,7.01,
2019-08-04,,,
2019-08-03,,,
2019-08-02,46445,6.93,
2019-08-01,46640,6.89,
2019-07-31,46840,6.87,
2019-07-30,47305,6.88,
2019-07-29,46920,6.88,
2019-07-28,,,
2019-07-27,,,
2019-07-26,46970,6.87,
2019-07-25,47010,6.86,
2019-07-24,47005,6.87,
2019-07-23,47310,6.87,
2019-07-22,47610,6.87,
2019-07-21,,,
2019-07-20,,,
2019-07-19,47600,6.86,
2019-07-18,46780,6.87,
2019-07-17,46890,6.87,
2019-07-16,46890,6.86,
2019-07-15,46800,6.87,
2019-07-14,,,
2019-07-13,,,
2019-07-12,46660,6.87,
2019-07-11,46580,6.85,
2019-07-10,45870,6.87,
2019-07-09,46205,6.87,
2019-07-08,46410,6.88,
2019-07-07,,,
2019-07-06,,,
2019-07-05,46465,6.86,
2019-07-04,46560,6.86,
2019-07-03,46410,6.87,
2019-07-02,46640,6.85,
2019-07-01,47325,6.83,
2019-06-30,,,
2019-06-29,,,
2019-06-28,47050,6.85,
2019-06-27,47100,6.87,
2019-06-26,47280,6.87,
2019-06-25,46955,6.87,
2019-06-24,46835,6.86,
2019-06-23,,,
2019-06-22,,,
2019-06-21,46900,6.85,
2019-06-20,46830,6.84,
2019-06-19,46880,6.89,
2019-06-18,46380,6.91,
2019-06-17,46150,6.91,
2019-06-16,,,
2019-06-15,,,
2019-06-14,46490,6.91,
2019-06-13,46340,6.91,
2019-06-12,46625,6.9,
2019-06-11,46765,6.9,
2019-06-10,46280,6.92,
2019-06-09,,,
2019-06-08,,,
2019-06-07,,,
2019-06-06,46040,6.9,
2019-06-05,46650,6.9,
2019-06-04,46330,6.89,
2019-06-03,46210,6.89,
2019-06-02,,,
2019-06-01,,,
2019-05-31,46520,6.9,
2019-05-30,46660,6.9,
2019-05-29,47030,6.9,
2019-05-28,47230,6.89,
2019-05-27,47100,6.88,
2019-05-26,,,
2019-05-25,,,
2019-05-24,47010,6.9,
2019-05-23,46800,6.9,
2019-05-22,47510,6.9,
2019-05-21,47800,6.9,
2019-05-20,47795,6.9,
2019-05-19,,,
2019-05-18,,,
2019-05-17,47900,6.89,
2019-05-16,47815,6.88,
2019-05-15,47625,6.86,
2019-05-14,47540,6.86,
2019-05-13,47615,6.84,
2019-05-12,,,
2019-05-11,,,
2019-05-10,47955,6.8,
2019-05-09,47600,6.8,
2019-05-08,47975,6.76,
2019-05-07,48375,6.76,
2019-05-06,48020,6.77,
2019-05-05,,,
2019-05-04,,,
2019-05-03,,,
2019-05-02,,,
2019-05-01,,,
2019-04-30,48910,6.73,
2019-04-29,48840,6.72,
2019-04-28,,,
2019-04-27,,,
2019-04-26,48825,6.72,
2019-04-25,49250,6.72,
2019-04-24,49045,6.71,
2019-04-23,49190,6.7,
2019-04-22,49450,6.7,
2019-04-21,,,
2019-04-20,,,
2019-04-19,49430,6.69,
2019-04-18,49600,6.68,
2019-04-17,49560,,
2019-04-16,49380,,
2019-04-15,49480,,
2019-04-14,,,
2019-04-13,,,
2019-04-12,49050,6.69,
2019-04-11,49300,6.7,
2019-04-10,49410,6.7,
2019-04-09,49370,,
2019-04-08,,,
2019-04-07,,,
2019-04-06,,,
2019-04-05,,,
2019-04-04,,,
2019-04-03,49200,,
2019-04-02,,,
2019-04-01,,,
2019-03-31,,,
2019-03-30,,,
2019-03-29,49765,6.71,
2019-03-28,49380,6.72,
2019-03-27,49340,6.7,
2019-03-26,49200,6.7,
2019-03-25,49350,6.7,
2019-03-24,,,
2019-03-23,,,
2019-03-22,49950,6.71,
2019-03-21,50240,6.67,
2019-03-20,50090,6.7,
2019-03-19,50050,6.7,
2019-03-18,50100,6.7,
2019-03-17,,,
2019-03-16,,,
2019-03-15,49550,6.7,
2019-03-14,49810,6.7,
2019-03-13,49940,6.7,
2019-03-12,49805,6.7,
2019-03-11,49560,6.71,
2019-03-10,,,
2019-03-09,,,
2019-03-08,49670,6.71,
2019-03-07,49840,6.7,
2019-03-06,49935,6.7,
2019-03-05,50250,6.69,
2019-03-04,50020,6.68,
2019-03-03,,,
2019-03-02,,,
2019-03-01,49900,6.69,
2019-02-28,49975,6.68,
2019-02-27,49875,6.68,
2019-02-26,49770,6.68,
2019-02-25,49940,6.68,
2019-02-24,,,
2019-02-23,,,
2019-02-22,49335,6.7,
2019-02-21,49470,6.69,
2019-02-20,49390,6.71,
2019-02-19,48970,6.75,
2019-02-18,48460,6.74,
2019-02-17,,,
2019-02-16,,,
2019-02-15,48110,6.76,
2019-02-14,48000,6.75,
2019-02-13,47515,6.74,
2019-02-12,48100,,
2019-02-11,48150,,
2019-02-10,,,
2019-02-09,,,
2019-02-08,,,
2019-02-07,,,
2019-02-06,,,
2019-02-05,,,
2019-02-04,,,
2019-02-03,,,
2019-02-02,,,
2019-02-01,,,
2019-01-31,,,
2019-01-30,,,
2019-01-29,,,
2019-01-28,,,
2019-01-27,,,
2019-01-26,,,
2019-01-25,,,
2019-01-24,,,
2019-01-23,,,
2019-01-22,,,
2019-01-21,,,
2019-01-20,,,
2019-01-19,,,
2019-01-18,47770,6.76,
2019-01-17,47440,6.75,
2019-01-16,47430,6.76,
2019-01-15,47045,6.74,
2019-01-14,47190,6.74,
2019-01-13,,,
2019-01-12,,,
2019-01-11,47190,6.74,
2019-01-10,47410,6.78,
2019-01-09,47620,6.83,
2019-01-08,47460,6.85,
2019-01-07,47500,6.83,
2019-01-06,,,
2019-01-05,,,
2019-01-04,46820,6.85,
2019-01-03,47400,6.86,
2019-01-02,48000,6.85,
2019-01-01,,,
2018-12-31,,,
2018-12-30,,,
2018-12-29,,,
2018-12-28,48220,6.85,
2018-12-27,48500,6.88,
2018-12-26,48025,6.87,
2018-12-25,47870,6.87,
2018-12-24,48350,6.89,
2018-12-23,,,
2018-12-22,,,
2018-12-21,48400,6.9,
2018-12-20,48300,6.9,
2018-12-19,48280,6.88,
2018-12-18,49030,6.88,
2018-12-17,49150,6.88,
2018-12-16,,,
2018-12-15,,,
2018-12-14,49140,6.88,
2018-12-13,49215,6.86,
2018-12-12,49310,6.87,
2018-12-11,49320,6.89,
2018-12-10,49355,6.88,
2018-12-09,,,
2018-12-08,,,
2018-12-07,49410,6.86,
2018-12-06,49350,6.87,
2018-12-05,49500,6.85,
2018-12-04,49980,6.84,
2018-12-03,50375,6.88,
2018-12-02,,,
2018-12-01,,,
2018-11-30,49710,6.93,
2018-11-29,49720,6.93,
2018-11-28,49100,6.94,
2018-11-27,49320,6.93,
2018-11-26,49425,6.93,
2018-11-25,,,
2018-11-24,,,
2018-11-23,49515,6.93,
2018-11-22,49570,6.92,
2018-11-21,49355,6.93,
2018-11-20,49850,6.93,
2018-11-19,49775,6.93,
2018-11-18,,,
2018-11-17,,,
2018-11-16,49530,6.93,
2018-11-15,49110,6.93,
2018-11-14,48920,6.94,
2018-11-13,48815,6.95,
2018-11-12,49120,6.95,
2018-11-11,,,
2018-11-10,,,
2018-11-09,49425,6.93,
2018-11-08,49470,6.93,
2018-11-07,49590,6.92,
2018-11-06,49590,6.91,
2018-11-05,49930,6.9,
2018-11-04,,,
2018-11-03,,,
2018-11-02,49170,6.9,
2018-11-01,48750,6.95,
2018-10-31,49120,6.95,
2018-10-30,49540,6.95,
2018-10-29,49860,6.94,
2018-10-28,,,
2018-10-27,,,
2018-10-26,49875,6.94,
2018-10-25,49500,6.93,
2018-10-24,50070,6.92,
2018-10-23,50355,6.93,
2018-10-22,50490,6.92,
2018-10-21,,,
2018-10-20,,,
2018-10-19,50030,,
2018-10-18,50235,,
2018-10-17,50150,,
2018-10-16,50435,,
2018-10-15,50890,,
2018-10-14,,,
2018-10-13,,,
2018-10-12,50535,6.9,
2018-10-11,50050,6.91,
2018-10-10,50910,6.91,
2018-10-09,50485,6.9,
2018-10-08,50260,6.89,
2018-10-07,,,
2018-10-06,,,
2018-10-05,,,
2018-10-04,,,
2018-10-03,,,
2018-10-02,,,
2018-10-01,,,
2018-09-30,,,
2018-09-29,,,
2018-09-28,50250,6.87,
2018-09-27,50490,6.86,
2018-09-26,50690,6.86,
2018-09-25,50470,6.85,
2018-09-24,,,
2018-09-23,,,
2018-09-22,,,
2018-09-21,49980,6.83,
2018-09-20,49930,6.84,
2018-09-19,50010,6.85,
2018-09-18,48810,6.85,
2018-09-17,48280,6.86,
2018-09-16,,,
2018-09-15,,,
2018-09-14,48760,6.84,
2018-09-13,48610,6.83,
2018-09-12,47875,,
2018-09-11,47900,,
2018-09-10,47795,,
2018-09-09,,,
2018-09-08,,,
2018-09-07,,,
2018-09-06,47930,6.82,
2018-09-05,47650,6.82,
2018-09-04,48235,6.82,
2018-09-03,48340,6.82,
2018-09-02,,,
2018-09-01,,,
2018-08-31,48630,6.82,
2018-08-30,48780,6.82,
2018-08-29,49070,6.8,
2018-08-28,48600,6.8,
2018-08-27,48800,6.8,
2018-08-26,,,
2018-08-25,,,
2018-08-24,48440,6.88,
2018-08-23,48270,6.86,
2018-08-22,48750,6.83,
2018-08-21,48690,6.86,
2018-08-20,48490,,
2018-08-19,,,
2018-08-18,,,
2018-08-17,48040,,
2018-08-16,47875,,
2018-08-15,48900,,
2018-08-14,49510,,
2018-08-13,49550,,
2018-08-12,,,
2018-08-11,,,
2018-08-10,49800,6.83,
2018-08-09,49525,6.81,
2018-08-08,49480,6.81,
2018-08-07,49295,6.84,
2018-08-06,49300,6.82,
2018-08-05,,,
2018-08-04,,,
2018-08-03,49215,6.86,
2018-08-02,49140,6.81,
2018-08-01,49890,6.8,
2018-07-31,49140,,
2018-07-30,49890,,
2018-07-29,,,
2018-07-28,49785,6.81,
2018-07-27,49920,6.79,
2018-07-26,49920,6.76,
2018-07-25,49895,6.79,
2018-07-24,49190,6.8,
2018-07-23,48730,6.75,
2018-07-22,,,
2018-07-21,,,
2018-07-20,48235,6.78,
2018-07-19,48800,6.73,
2018-07-18,48470,6.69,
2018-07-17,48735,6.67,
2018-07-16,48850,6.68,
2018-07-15,,,
2018-07-14,,,
2018-07-13,48580,6.66,
2018-07-12,48450,6.68,
2018-07-11,48010,6.65,
2018-07-10,49625,6.59,
2018-07-09,49580,6.61,
2018-07-08,,,
2018-07-07,,,
2018-07-06,48860,6.64,
2018-07-05,49650,6.63,
2018-07-04,50690,6.62,
2018-07-03,51080,6.69,
2018-07-02,51210,6.62,
2018-07-01,,,
2018-06-30,,,
2018-06-29,51180,6.6,
2018-06-28,51380,6.61,
2018-06-27,51290,6.59,
2018-06-26,51140,6.54,
2018-06-25,51720,6.52,
2018-06-24,,,
2018-06-23,,,
2018-06-22,51420,6.48,
2018-06-21,51635,6.48,
2018-06-20,51540,6.46,
2018-06-19,52270,6.43,
2018-06-18,,,
2018-06-17,,,
2018-06-16,,,
2018-06-15,53075,6.4,
2018-06-14,53350,6.38,
2018-06-13,53225,6.39,
2018-06-12,53410,6.39,
2018-06-11,53790,6.39,
2018-06-10,,,
2018-06-09,,,
2018-06-08,53440,6.39,
2018-06-07,53610,6.38,
2018-06-06,52570,6.38,
2018-06-05,51830,6.39,
2018-06-04,51850,6.41,
2018-06-03,,,
2018-06-02,,,
2018-06-01,51275,6.4,
2018-05-31,51090,6.4,
2018-05-30,51070,6.41,
2018-05-29,51340,6.4,
2018-05-28,51220,6.38,
2018-05-27,,,
2018-05-26,,,
2018-05-25,51340,6.38,
2018-05-24,51140,6.38,
2018-05-23,51570,6.36,
2018-05-22,51250,6.36,
2018-05-21,51220,6.37,
2018-05-20,,,
2018-05-19,,,
2018-05-18,51015,,
2018-05-17,50945,,
2018-05-16,50750,,
2018-05-15,50950,,
2018-05-14,51175,,
2018-05-13,,,
2018-05-12,,,
2018-05-11,51110,,
2018-05-10,50915,,
2018-05-09,50720,,
2018-05-08,51005,,
2018-05-07,50880,,
2018-05-04,50900,,
2018-05-03,50740,,
2018-05-02,50770,,
2018-04-27,51620,,
2018-04-26,51785,,
2018-04-25,51750,,
2018-04-24,51640,,
2018-04-23,51865,,
2018-04-20,51600,,
2018-04-19,51850,,
2018-04-18,50920,,
2018-04-17,50935,,
2018-04-16,50430,,
2018-04-13,50600,,
2018-04-12,50740,,
2018-04-11,51250,,
2018-04-10,51070,,
2018-04-09,50410,,
2018-04-04,50550,,
2018-04-03,50525,,
2018-04-02,50140,,
2018-03-29,49595,,
2018-03-28,49135,,
2018-03-27,49270,,
2018-03-26,48825,,
2018-03-23,49790,,
2018-03-22,50830,,
2018-03-21,50500,,
2018-03-20,50900,,
2018-03-19,50830,,
2018-03-16,51350,,
2018-03-15,51745,,
2018-03-14,51510,,
2018-03-13,51370,,
2018-03-12,51550,,
2018-03-09,51060,,
2018-03-08,51750,,
2018-03-07,51970,,
2018-03-06,51830,,
2018-03-05,51765,,
2018-03-02,51925,,
2018-03-01,51980,,
2018-02-28,52400,,
2018-02-27,52910,,
2018-02-26,52920,,
2018-02-23,53005,,
2018-02-02,52830,,
2018-02-01,52815,,
2018-01-31,52675,,
2018-01-30,53120,,
2018-01-29,53330,,
2018-01-26,53220,,
2018-01-25,53515,,
2018-01-24,52590,,
2018-01-23,53385,,
2018-01-22,53400,,
2018-01-19,53455,,
2018-01-18,53520,,
2018-01-17,53620,,
2018-01-16,54450,,
2018-01-15,54300,,
2018-01-12,54320,,
2018-01-11,54450,,
2018-01-10,54330,,
2018-01-09,54450,,
2018-01-08,54330,,
2018-01-05,54750,,
2018-01-04,54590,,
2018-01-03,54615,,
2018-01-02,54710,,
2017-12-29,55260,,
2017-12-28,54890,,
2017-12-27,54600,,
2017-12-26,54280,,
2017-12-25,54590,,
2017-12-22,53900,,
2017-12-21,53850,,
2017-12-20,53350,,
2017-12-19,53280,,
2017-12-18,53200,,
2017-12-15,52560,,
2017-12-14,52425,,
2017-12-13,51990,,
2017-12-12,51840,,
2017-12-11,51525,,
2017-12-08,51365,,
2017-12-07,51400,,
2017-12-06,51310,,
2017-12-05,53220,,
2017-12-04,53370,,
2017-12-01,52710,,
2017-11-30,52570,,
2017-11-29,53110,,
2017-11-28,53440,,
2017-11-27,54260,,
2017-11-24,53940,,
2017-11-23,53810,,
2017-11-22,53820,,
2017-11-21,53175,,
2017-11-20,52840,,
2017-11-17,52750,,
2017-11-16,52920,,
2017-11-15,52780,,
2017-11-14,53990,,
2017-11-13,53430,,
2017-11-10,53375,,
2017-11-09,53580,,
2017-11-08,53700,,
2017-11-07,54470,,
2017-11-06,54360,,
2017-11-03,55465,,
2017-11-02,54325,,
2017-11-01,54560,,
2017-10-31,53705,,
2017-10-30,53710,,
2017-10-27,54560,,
2017-10-26,55190,,
2017-10-25,55475,,
2017-10-24,55890,,
2017-10-23,54980,,
2017-10-20,55050,,
2017-10-19,54910,,
2017-10-18,55240,,
2017-10-17,55600,,
2017-10-16,53950,,
2017-10-13,53640,,
2017-10-12,53525,,
2017-10-11,52680,,
2017-10-10,52375,,
2017-10-09,52315,,
2017-09-29,51480,,
2017-09-28,50500,,
2017-09-27,50480,,
2017-09-26,50790,,
2017-09-25,50400,,
2017-09-22,49710,,
2017-09-21,50280,,
2017-09-20,50730,,
2017-09-19,50730,,
2017-09-18,50580,,
2017-09-15,50365,,
2017-09-14,50590,,
2017-09-13,51180,,
2017-09-12,51400,,
2017-09-11,51190,,
2017-09-08,52570,,
2017-09-07,53060,,
2017-09-06,52950,,
2017-09-05,53290,,
2017-09-04,53020,,
2017-09-01,52570,,
2017-08-31,52620,,
2017-08-30,52540,,
2017-08-29,52600,,
2017-08-28,52300,,
2017-08-25,52275,,
2017-08-24,51525,,
2017-08-23,51190,,
2017-08-22,51365,,
2017-08-21,50900,,
2017-08-18,50510,,
2017-08-17,51070,,
2017-08-16,49920,,
2017-08-15,50075,,
2017-08-14,50010,,
2017-08-11,49740,,
2017-08-10,50515,,
2017-08-09,50790,,
2017-08-08,50415,,
2017-08-07,50000,,
2017-08-04,50080,,
2017-08-03,50200,,
2017-08-02,49825,,
2017-08-01,50110,,
2017-07-31,50200,,
2017-07-28,49740,,
2017-07-27,49910,,
2017-07-26,49760,,
2017-07-25,48075,,
2017-07-24,47700,,
2017-07-20,47615,,
2017-07-19,47550,,
2017-07-18,47670,,
2017-07-17,47220,,
2017-07-14,46915,,
2017-07-13,47000,,
2017-07-12,47080,,
2017-07-11,46640,,
2017-07-10,46805,,
2017-07-07,46720,,
2017-07-06,46740,,
2017-07-05,47075,,
2017-07-04,46950,,
2017-07-03,47140,,
2017-06-30,47100,,
2017-06-29,47150,,
2017-06-28,46550,,
2017-06-27,46280,,
2017-06-26,46250,,
2017-06-23,45800,,
2017-06-22,45840,,
2017-06-21,45340,,
2017-06-20,45670,,
2017-06-19,45400,,
2017-06-16,45500,,
2017-06-15,45460,,
2017-06-14,45560,,
2017-06-13,45880,,
2017-06-12,46222,,
2017-06-09,45690,,
2017-06-08,44975,,
2017-06-07,45090,,
2017-06-06,45080,,
2017-06-05,45225,,
2017-06-02,45260,,
2017-06-01,45240,,
2017-05-31,45545,,
2017-05-26,45800,,
2017-05-25,45805,,
2017-05-24,45765,,
2017-05-23,45890,,
2017-05-22,45740,,
2017-05-19,45175,,
2017-05-18,45000,,
2017-05-17,45310,,
2017-05-16,45190,,
2017-05-15,45225,,
2017-05-12,44950,,
2017-05-11,44890,,
2017-05-10,44940,,
2017-05-09,44750,,
2017-05-08,44960,,
2017-05-05,45215,,
2017-05-04,45560,,
2017-05-03,46590,,
2017-05-02,46810,,
2017-04-28,46210,,
2017-04-27,46155,,
2017-04-26,46170,,
2017-04-25,45950,,
2017-04-24,45820,,
2017-04-21,45780,,
2017-04-20,45460,,
2017-04-19,45800,,
2017-04-18,46290,,
2017-04-17,46340,,
2017-04-14,45860,,
2017-04-13,45838,,
2017-04-12,46540,,
2017-04-11,46700,,
2017-04-10,46950,,
2017-04-07,47500,,
2017-04-06,47590,,
2017-04-05,47085,,
2017-03-31,47310,,
2017-03-30,47075,,
2017-03-29,47020,,
2017-03-28,46480,,
2017-03-27,46020,,
2017-03-24,46640,,
2017-03-23,46820,,
2017-03-22,46300,,
2017-03-21,46920,,
2017-03-20,47620,,
2017-03-17,47550,,
2017-03-16,47590,,
2017-03-15,47150,,
2017-03-14,46910,,
2017-03-13,46620,,
2017-03-10,46180,,
2017-03-09,46620,,
2017-03-08,46910,,
2017-03-07,47350,,
2017-03-06,47900,,
2017-03-03,47665,,
2017-03-02,48225,,
2017-03-01,48000,,
2017-02-28,47480,,
2017-02-27,47650,,
2017-02-24,47170,,
2017-02-23,48300,,
2017-02-22,48475,,
2017-02-21,48720,,
2017-02-20,48200,,
2017-02-17,48350,,
2017-02-16,48870,,
2017-02-15,48640,,
2017-02-14,49350,,
2017-02-13,49600,,
2017-02-10,46860,,
2017-02-09,47170,,
2017-02-08,47000,,
2017-02-07,46580,,
2017-02-06,46450,,
2017-02-03,46650,,
2017-01-19,46530,,
2017-01-18,46190,,
2017-01-17,46850,,
2017-01-16,47675,,
2017-01-13,47280,,
2017-01-12,46750,,
2017-01-11,46740,,
2017-01-10,45520,,
2017-01-09,45400,,
2017-01-06,45165,,
2017-01-05,45470,,
2017-01-04,44740,,
2017-01-03,45685,,
2016-12-30,44975,,
2016-12-29,45080,,
2016-12-28,45320,,
2016-12-27,44045,,
2016-12-26,43700,,
2016-12-23,44630,,
2016-12-22,44710,,
2016-12-21,44970,,
2016-12-20,45730,,
2016-12-16,46500,,
2016-12-15,46670,,
2016-12-14,46275,,
2016-12-13,46690,,
2016-12-12,47640,,
2016-12-09,46830,,
2016-12-08,46950,,
2016-12-07,47470,,
2016-12-06,47570,,
2016-12-05,46850,,
2016-12-02,46320,,
2016-12-01,46735,,
2016-11-30,45940,,
2016-11-29,47380,,
2016-11-28,48350,,
2016-11-25,47800,,
2016-11-24,47960,,
2016-11-23,45625,,
2016-11-22,45570,,
2016-11-21,44425,,
2016-11-18,43820,,
2016-11-17,43660,,
2016-11-16,44190,,
2016-11-15,45725,,
2016-11-14,45650,,
2016-11-11,44940,,
2016-11-10,44825,,
2016-11-09,41525,,
2016-11-08,40510,,
2016-11-07,39825,,
2016-11-04,39240,,
2016-11-03,38950,,
2016-11-02,38895,,
2016-11-01,38755,,
2016-10-31,38500,,
2016-10-28,38370,,
2016-10-27,37990,,
2016-10-26,38140,,
2016-10-25,38110,,
2016-10-24,37590,,
2016-10-21,37350,,
2016-10-20,37485,,
2016-10-19,37420,,
2016-10-18,37400,,
2016-10-17,37420,,
2016-10-14,37595,,
2016-10-13,38025,,
2016-10-12,38080,,
2016-10-11,38120,,
2016-10-10,37700,,
2016-09-30,37770,,
2016-09-29,38040,,
2016-09-28,37625,,
2016-09-27,37685,,
2016-09-26,37830,,
2016-09-23,37785,,
2016-09-22,37625,,
2016-09-21,37340,,
2016-09-20,37305,,
2016-09-19,37210,,
2016-09-14,36800,,
2016-09-13,36690,,
2016-09-12,36380,,
2016-09-09,36730,,
2016-09-08,36715,,
2016-09-07,36710,,
2016-09-06,36585,,
2016-09-05,36630,,
2016-09-02,36605,,
2016-09-01,36475,,
2016-08-31,36355,,
2016-08-30,36465,,
2016-08-29,36420,,
2016-08-26,36380,,
2016-08-25,36280,,
2016-08-24,36720,,
2016-08-23,37065,,
2016-08-22,37160,,
2016-08-19,37170,,
2016-08-18,37185,,
2016-08-17,37200,,
2016-08-16,37065,,
2016-08-15,37170,,
2016-08-12,37450,,
2016-08-11,37415,,
2016-08-10,37300,,
2016-08-09,37350,,
2016-08-08,37560,,
2016-08-05,37600,,
2016-08-04,37750,,
2016-08-03,37875,,
2016-08-02,37810,,
2016-08-01,37890,,
2016-07-29,37850,,
2016-07-28,37720,,
2016-07-27,37940,,
2016-07-26,37710,,
2016-07-25,38085,,
2016-07-22,38325,,
2016-07-21,38420,,
2016-07-20,38230,,
2016-07-19,38260,,
2016-07-18,37925,,
2016-07-15,38310,,
2016-07-14,38360,,
2016-07-13,38510,,
2016-07-12,37050,,
2016-07-11,36860,,
2016-07-08,36650,,
2016-07-07,37220,,
2016-07-06,37370,,
2016-07-05,37590,,
2016-07-04,38160,,
2016-07-01,37425,,
2016-06-30,37510,,
2016-06-29,37090,,
2016-06-28,36790,,
2016-06-27,36470,,
2016-06-24,36290,,
2016-06-23,36210,,
2016-06-22,35970,,
2016-06-21,35825,,
2016-06-20,35680,,
2016-06-17,35580,,
2016-06-16,35840,,
2016-06-15,35400,,
2016-06-14,35575,,
2016-06-13,35550,,
2016-06-08,35620,,
2016-06-07,36135,,
2016-06-06,36300,,
2016-06-03,35600,,
2016-06-02,35420,,
2016-06-01,35420,,
2016-05-31,35810,,
2016-05-30,35760,,
2016-05-27,35830,,
2016-05-26,35920,,
2016-05-25,35640,,
2016-05-24,35250,,
2016-05-23,35230,,
2016-05-20,35350,,
2016-05-19,35440,,
2016-05-18,35620,,
2016-05-17,35610,,
2016-05-16,35340,,
2016-05-13,35300,,
2016-05-12,35970,,
2016-05-11,35800,,
2016-05-10,35800,,
2016-05-09,35980,,
2016-05-06,36430,,
2016-05-05,36900,,
2016-05-04,37075,,
2016-05-03,37390,,
2016-04-29,37350,,
2016-04-28,37050,,
2016-04-27,37500,,
2016-04-26,37550,,
2016-04-25,37780,,
2016-04-22,37700,,
2016-04-21,37460,,
2016-04-20,37270,,
2016-04-19,36790,,
2016-04-18,36830,,
2016-04-15,36900,,
2016-04-14,36750,,
2016-04-13,36860,,
2016-04-12,35850,,
2016-04-11,36000,,
2016-04-08,35880,,
2016-04-07,36730,,
2016-04-06,36650,,
2016-04-05,36610,,
2016-04-01,36880,,
2016-03-31,36705,,
2016-03-30,37250,,
2016-03-29,37565,,
2016-03-28,37620,,
2016-03-25,37510,,
2016-03-24,37390,,
2016-03-23,38050,,
2016-03-22,37900,,
2016-03-21,37940,,
2016-03-18,38110,,
2016-03-17,37480,,
2016-03-16,37000,,
2016-03-15,37010,,
2016-03-14,37470,,
2016-03-11,37070,,
2016-03-10,36960,,
2016-03-09,36700,,
2016-03-08,37350,,
2016-03-07,37700,,
2016-03-04,37110,,
2016-03-03,36505,,
2016-03-02,36115,,
2016-03-01,35490,,
2016-02-29,35750,,
2016-02-26,35550,,
2016-02-25,35875,,
2016-02-24,35675,,
2016-02-23,35880,,
2016-02-22,35870,,
2016-02-19,35400,,
2016-02-18,35360,,
2016-02-17,35260,,
2016-02-16,35580,,
2016-02-15,35415,,
2016-02-04,35950,,
2016-02-03,35200,,
2016-02-02,35240,,
2016-02-01,35210,,
2016-01-29,35300,,
2016-01-28,35490,,
2016-01-27,35435,,
2016-01-26,34850,,
2016-01-25,34852,,
2016-01-22,35010,,
2016-01-21,34950,,
2016-01-20,34925,,
2016-01-19,34800,,
2016-01-18,34830,,
2016-01-15,34950,,
2016-01-14,34660,,
2016-01-13,34825,,
2016-01-12,34910,,
2016-01-11,35290,,
2016-01-08,35770,,
2016-01-07,36220,,
2016-01-06,36280,,
2016-01-05,36150,,
2016-01-04,36190,,
2015-12-31,36640,,
2015-12-30,36510,,
2015-12-29,35950,,
2015-12-28,36180,,
2015-12-25,36250,,
2015-12-24,36310,,
2015-12-23,36050,,
2015-12-22,36280,,
2015-12-21,36010,,
2015-12-18,35380,,
2015-12-17,35510,,
2015-12-16,35550,,
2015-12-15,36115,,
2015-12-14,36310,,
2015-12-11,35345,,
2015-12-10,35260,,
2015-12-09,35270,,
2015-12-08,34935,,
2015-12-07,35430,,
2015-12-04,34840,,
2015-12-03,34940,,
2015-12-02,35435,,
2015-12-01,35215,,
2015-11-30,34660,,
2015-11-27,35210,,
2015-11-26,35170,,
2015-11-25,34450,,
2015-11-24,33625,,
2015-11-23,33800,,
2015-11-20,34730,,
2015-11-19,34635,,
2015-11-18,34750,,
2015-11-17,35000,,
2015-11-16,36370,,
2015-11-13,36550,,
2015-11-12,37350,,
2015-11-11,37500,,
2015-11-10,37530,,
2015-11-09,37960,,
2015-11-06,38040,,
2015-11-05,38585,,
2015-11-04,38720,,
2015-11-03,,,
2015-11-02,38570,,
2015-10-30,38730,,
2015-10-29,39050,,
2015-10-28,39070,,
2015-10-27,39025,,
2015-10-26,39110,,
2015-10-23,39510,,
2015-10-22,39225,,
2015-10-21,39040,,
2015-10-20,39180,,
2015-10-19,39540,,
2015-10-16,39950,,
2015-10-15,40165,,
2015-10-14,39820,,
2015-10-13,39700,,
2015-10-12,40155,,
2015-10-09,39690,,
2015-10-08,39420,,
2015-09-30,38290,,
2015-09-29,38030,,
2015-09-28,38800,,
2015-09-25,39070,,
2015-09-24,38950,,
2015-09-23,38800,,
2015-09-22,40160,,
2015-09-21,40135,,
2015-09-18,40870,,
2015-09-17,41150,,
2015-09-16,40680,,
2015-09-15,40680,,
2015-09-14,41025,,
2015-09-11,41160,,
2015-09-10,40850,,
2015-09-09,41060,,
2015-09-08,39530,,
2015-09-07,39420,,
2015-09-02,39200,,
2015-09-01,39405,,
2015-08-31,39270,,
2015-08-28,39400,,
2015-08-27,38930,,
2015-08-26,39250,,
2015-08-25,39110,,
2015-08-24,38400,,
2015-08-21,39180,,
2015-08-20,38750,,
2015-08-19,38720,,
2015-08-18,39190,,
2015-08-17,39220,,
2015-08-14,39500,,
2015-08-13,39460,,
2015-08-12,39140,,
2015-08-11,39500,,
2015-08-10,38230,,
2015-08-07,38310,,
2015-08-06,38570,,
2015-08-05,38460,,
2015-08-04,38390,,
2015-08-03,38740,,
2015-07-31,39000,,
2015-07-30,39430,,
2015-07-29,39710,,
2015-07-28,38920,,
2015-07-27,39230,,
2015-07-24,39025,,
2015-07-23,39690,,
2015-07-22,40220,,
2015-07-21,40590,,
2015-07-20,40340,,
2015-07-17,41015,,
2015-07-16,40960,,
2015-07-15,41270,,
2015-07-14,41180,,
2015-07-13,40930,,
2015-07-10,41660,,
2015-07-09,41200,,
2015-07-08,39650,,
2015-07-07,41290,,
2015-07-06,42130,,
2015-07-03,42800,,
2015-07-02,42800,,
2015-07-01,42575,,
2015-06-30,42725,,
2015-06-29,42620,,
2015-06-26,42470,,
2015-06-25,42315,,
2015-06-24,42370,,
2015-06-23,42310,,
2015-06-19,42270,,
2015-06-18,42400,,
2015-06-17,42160,,
2015-06-16,42510,,
2015-06-15,42830,,
2015-06-12,43020,,
2015-06-11,43860,,
2015-06-10,43545,,
2015-06-09,43435,,
2015-06-08,43380,,
2015-06-05,43120,,
2015-06-04,43680,,
2015-06-03,44000,,
2015-06-02,43740,,
2015-06-01,43940,,
2015-05-29,44450,,
2015-05-28,44330,,
2015-05-27,44400,,
2015-05-26,44950,,
2015-05-25,44820,,
2015-05-22,45230,,
2015-05-21,45220,,
2015-05-20,45120,,
2015-05-19,45950,,
2015-05-18,46120,,
2015-05-15,45940,,
2015-05-14,46050,,
2015-05-13,46150,,
2015-05-12,45860,,
2015-05-11,45840,,
2015-05-07,45850,,
2015-05-06,46075,,
2015-05-05,45865,,
2015-05-04,45800,,
2015-04-30,44350,,
2015-04-29,44150,,
2015-04-28,44090,,
2015-04-27,44090,,
2015-04-24,43650,,
2015-04-23,43410,,
2015-04-22,43570,,
2015-04-21,43650,,
2015-04-20,44120,,
2015-04-17,43860,,
2015-04-16,43520,,
2015-04-15,43130,,
2015-04-14,43530,,
2015-04-13,,,
2015-04-10,43600,,
2015-04-09,43440,,
2015-04-08,43580,,
2015-04-07,43585,,
2015-04-03,43520,,
2015-04-02,43525,,
2015-04-01,43420,,
2015-03-31,43635,,
2015-03-30,43625,,
2015-03-27,43510,,
2015-03-26,43650,,
2015-03-25,43435,,
2015-03-24,43680,,
2015-03-23,43465,,
2015-03-20,42150,,
2015-03-19,41650,,
2015-03-18,42140,,
2015-03-17,42490,,
2015-03-16,42570,,
2015-03-13,42720,,
2015-03-12,41960,,
2015-03-11,42185,,
2015-03-10,42515,,
2015-03-09,41910,,
2015-03-06,42430,,
2015-03-05,42520,,
2015-03-04,42500,,
2015-03-03,42550,,
2015-03-02,42880,,
2015-02-27,42625,,
2015-01-23,41350,,
2015-01-22,41935,,
2015-01-21,41620,,
2015-01-20,41740,,
2015-01-19,41950,,
2015-01-16,41310,,
2015-01-15,41200,,
2015-01-14,41020,,
2015-01-13,44225,,
2015-01-12,44880,,
2015-01-09,45190,,
2015-01-08,45490,,
2015-01-07,45600,,
2015-01-06,45675,,
2015-01-05,46110,,
2014-12-31,46550,,
2014-12-30,46125,,
2014-12-29,46030,,
2014-12-25,46320,,
2014-12-24,46350,,
2014-12-23,46500,,
2014-12-10,46980,,
2014-12-09,46550,,
2014-12-08,46925,,
2014-12-05,46920,,
2014-12-04,46675,,
2014-12-03,46450,,
2014-12-02,46480,,
2014-12-01,45500,,
2014-11-28,47100,,
2014-11-27,47670,,
2014-11-26,47740,,
2014-11-25,48020,,
2014-11-24,48280,,
2014-11-21,48010,,
2014-11-20,47990,,
2014-11-19,47875,,
2014-11-18,47960,,
2014-11-17,48200,,
2014-11-14,47740,,
2014-11-13,48010,,
2014-11-12,48090,,
2014-11-11,47980,,
2014-11-10,48285,,
2014-11-07,48050,,
2014-11-06,47925,,
2014-11-05,47950,,
2014-11-04,48380,,
2014-11-03,48240,,
2014-10-31,48340,,
2014-10-30,48430,,
2014-10-29,48215,,
2014-10-28,48150,,
2014-10-27,47860,,
2014-10-24,48025,,
2014-10-23,47950,,
2014-10-22,47970,,
2014-10-21,47690,,
2014-10-20,47640,,
2014-10-17,47675,,
2014-10-16,48260,,
2014-10-15,48765,,
2014-10-14,48500,,
2014-10-13,48625,,
2014-10-10,48400,,
2014-10-09,48490,,
2014-10-08,48740,,
2014-09-30,48850,,
2014-09-29,48275,,
2014-09-26,48550,,
2014-09-25,48575,,
2014-09-24,48480,,
2014-09-23,48750,,
2014-09-22,48750,,
2014-09-19,49475,,
2014-09-18,49790,,
2014-09-17,49970,,
2014-09-16,49320,,
2014-09-15,48875,,
2014-09-12,49260,,
2014-09-11,49600,,
2014-09-10,49685,,
2014-09-09,50390,,
2014-09-05,50480,,
2014-09-04,50315,,
2014-09-03,50400,,
2014-09-02,50410,,
2014-09-01,50510,,
2014-08-29,50275,,
2014-08-28,50650,,
2014-08-27,50760,,
2014-08-26,51090,,
2014-08-25,51335,,
2014-08-22,51240,,
2014-08-21,50785,,
2014-08-20,49675,,
2014-08-19,49580,,
2014-08-18,49500,,
2014-08-15,49310,,
2014-08-14,49500,,
2014-08-13,49990,,
2014-08-12,50130,,
2014-08-11,50470,,
2014-08-08,50240,,
2014-08-07,50260,,
2014-08-06,50405,,
2014-08-05,50700,,
2014-08-04,50600,,
2014-08-01,50665,,
2014-07-31,50660,,
2014-07-30,50425,,
2014-07-29,50700,,
2014-07-28,50475,,
2014-07-25,50750,,
2014-07-24,50600,,
2014-07-23,50100,,
2014-07-22,50150,,
2014-07-21,49830,,
2014-07-18,50280,,
2014-07-17,50340,,
2014-07-16,50950,,
2014-07-15,50950,,
2014-07-14,51650,,
2014-07-11,51525,,
2014-07-10,51270,,
2014-07-09,51620,,
2014-07-08,51600,,
2014-07-07,51750,,
2014-07-04,52275,,
2014-07-03,52070,,
2014-07-02,51450,,
2014-07-01,51625,,
2014-06-30,50760,,
2014-06-27,50640,,
2014-06-26,50580,,
2014-06-25,50160,,
2014-06-24,50300,,
2014-06-23,50675,,
2014-06-20,49670,,
2014-06-19,49125,,
2014-06-18,49325,,
2014-06-17,49275,,
2014-06-16,48990,,
2014-06-13,49075,,
2014-06-12,48690,,
2014-06-11,48560,,
2014-06-10,48425,,
2014-06-09,48940,,
2014-06-06,49950,,
2014-06-05,49990,,
2014-06-04,50000,,
2014-06-03,50080,,
2014-05-30,49670,,
2014-05-29,49970,,
2014-05-28,50260,,
2014-05-27,50450,,
2014-05-26,50590,,
2014-05-23,49940,,
2014-05-22,49890,,
2014-05-21,49900,,
2014-05-20,50540,,
2014-05-19,50650,,
2014-05-16,50525,,
2014-05-15,50480,,
2014-05-14,50090,,
2014-05-13,50465,,
2014-05-12,50300,,
2014-05-09,49390,,
2014-05-08,48890,,
2014-05-07,49300,,
2014-05-06,49390,,
2014-05-05,49670,,
2014-04-30,49710,,
2014-04-29,49875,,
2014-04-28,50700,,
2014-04-25,49850,,
2014-04-24,48375,,
2014-04-23,48130,,
2014-04-22,48040,,
2014-04-21,48200,,
2014-04-18,47900,,
2014-04-17,47820,,
2014-04-16,47430,,
2014-04-15,47690,,
2014-04-14,48450,,
2014-04-11,47415,,
2014-04-10,47350,,
2014-04-09,47550,,
2014-04-08,47570,,
2014-04-04,47290,,
2014-04-03,46900,,
2014-04-02,47150,,
2014-04-01,47020,,
2014-03-31,47000,,
2014-03-28,46560,,
2014-03-27,46360,,
2014-03-26,46450,,
2014-03-25,45875,,
2014-03-24,45360,,
2014-03-21,45380,,
2014-03-20,45765,,
2014-03-19,45050,,
2014-03-18,45100,,
2014-03-17,44735,,
2014-03-14,44325,,
2014-03-13,44740,,
2014-03-12,44340,,
2014-03-11,45990,,
2014-03-10,46550,,
2014-03-07,49000,,
2014-03-06,48910,,
2014-03-05,49110,,
2014-03-04,48610,,
2014-03-03,48650,,
2014-02-28,49080,,
2014-02-27,49100,,
2014-02-26,49350,,
2014-02-25,49700,,
2014-02-24,49710,,
2014-02-21,50350,,
2014-02-20,50325,,
2014-02-19,50600,,
2014-02-18,50800,,
2014-02-17,50940,,
2014-02-14,50630,,
2014-02-13,50610,,
2014-02-12,50560,,
2014-02-11,50500,,
2014-02-10,50910,,
2014-02-07,50980,,
2014-01-21,51600,,
2014-01-20,51925,,
2014-01-17,51850,,
2014-01-16,52100,,
2014-01-15,51800,,
2014-01-14,52030,,
2014-01-13,52105,,
2014-01-10,51550,,
2014-01-09,52060,,
2014-01-08,52250,,
2014-01-07,52160,,
2014-01-06,52100,,
2014-01-03,52150,,
2014-01-02,52370,,
2013-12-31,52150,,
2013-12-30,52050,,
2013-12-27,51910,,
2013-12-26,52050,,
2013-12-25,51850,,
2013-12-24,51385,,
2013-12-23,51375,,
2013-12-20,51150,,
2013-12-19,51100,,
2013-12-18,51200,,
2013-12-17,51460,,
2013-12-16,51325,,
2013-12-13,51250,,
2013-12-12,51380,,
2013-12-11,51230,,
2013-12-10,51210,,
2013-12-09,51090,,
2013-12-06,50865,,
2013-12-05,50960,,
2013-12-04,50560,,
2013-12-03,50510,,
2013-12-02,50880,,
2013-11-29,50870,,
2013-11-28,50770,,
2013-11-27,50800,,
2013-11-26,51020,,
2013-11-25,51090,,
2013-11-22,50975,,
2013-11-21,50500,,
2013-11-20,50750,,
2013-11-19,50300,,
2013-11-18,50580,,
2013-11-15,50910,,
2013-11-14,50750,,
2013-11-13,51150,,
2013-11-12,51620,,
2013-11-11,51800,,
2013-11-08,51720,,
2013-11-07,51520,,
2013-11-06,51625,,
2013-11-05,51680,,
2013-11-04,51850,,
2013-10-31,51960,,
2013-10-30,51875,,
2013-10-29,51500,,
2013-10-28,51750,,
2013-10-25,51850,,
2013-10-24,51920,,
2013-10-23,52375,,
2013-10-22,52300,,
2013-10-21,52175,,
2013-10-18,52350,,
2013-10-17,52400,,
2013-10-16,52500,,
2013-10-15,52450,,
2013-10-14,52200,,
2013-10-11,52175,,
2013-10-10,51935,,
2013-10-09,52370,,
2013-10-08,52750,,
2013-09-30,52675,,
2013-09-27,52675,,
2013-09-26,52150,,
2013-09-25,52185,,
2013-09-24,52560,,
2013-09-23,52450,,
2013-09-18,51950,,
2013-09-17,51910,,
2013-09-16,52030,,
2013-09-13,51775,,
2013-09-12,52190,,
2013-09-11,52525,,
2013-09-10,52450,,
2013-09-09,52750,,
2013-09-06,52320,,
2013-09-05,52190,,
2013-09-04,52680,,
2013-09-03,52860,,
2013-09-02,52860,,
2013-08-30,52450,,
2013-08-29,52790,,
2013-08-28,53340,,
2013-08-27,53400,,
2013-08-26,53725,,
2013-08-23,53250,,
2013-08-22,53200,,
2013-08-21,52975,,
2013-08-20,53100,,
2013-08-19,53390,,
2013-08-16,53300,,
2013-08-15,52775,,
2013-08-14,52650,,
2013-08-13,52540,,
2013-08-12,52315,,
2013-08-09,51950,,
2013-08-08,51725,,
2013-08-07,50840,,
2013-08-06,50900,,
2013-08-05,50965,,
2013-08-02,50925,,
2013-08-01,50790,,
2013-07-31,49900,,
2013-07-30,50100,,
2013-07-29,49975,,
2013-07-26,51040,,
2013-07-25,51100,,
2013-07-24,51050,,
2013-07-23,51315,,
2013-07-22,50950,,
2013-07-19,50750,,
2013-07-18,50265,,
2013-07-17,50985,,
2013-07-16,50600,,
2013-07-15,50500,,
2013-07-12,50925,,
2013-07-11,50720,,
2013-07-10,49335,,
2013-07-09,49880,,
2013-07-08,49640,,
2013-07-05,50200,,
2013-07-04,50750,,
2013-07-03,50675,,
2013-07-02,50550,,
2013-07-01,49400,,
2013-06-28,48970,,
2013-06-27,49200,,
2013-06-26,49160,,
2013-06-25,48850,,
2013-06-24,49600,,
2013-06-21,49950,,
2013-06-20,50800,,
2013-06-19,51500,,
2013-06-18,52050,,
2013-06-17,52430,,
2013-06-14,52400,,
2013-06-13,52575,,
2013-06-07,53550,,
2013-06-06,53890,,
2013-06-05,53930,,
2013-06-04,53740,,
2013-06-03,53690,,
2013-05-31,53625,,
2013-05-30,53050,,
2013-05-29,53675,,
2013-05-28,53350,,
2013-05-27,53550,,
2013-05-24,53800,,
2013-05-23,53600,,
2013-05-22,54140,,
2013-05-21,54160,,
2013-05-20,53640,,
2013-05-17,53330,,
2013-05-16,52850,,
2013-05-15,53280,,
2013-05-14,53920,,
2013-05-13,53900,,
2013-05-10,53635,,
2013-05-09,53590,,
2013-05-08,53325,,
2013-05-07,53465,,
2013-05-06,53130,,
2013-05-03,51250,,
2013-05-02,50650,,
2013-04-26,52550,,
2013-04-25,51700,,
2013-04-24,50400,,
2013-04-23,50150,,
2013-04-22,50640,,
2013-04-19,50900,,
2013-04-18,50740,,
2013-04-17,53300,,
2013-04-16,53000,,
2013-04-15,54150,,
2013-04-12,55400,,
2013-04-11,55400,,
2013-04-10,55610,,
2013-04-09,55225,,
2013-04-08,54710,,
2013-04-03,54830,,
2013-04-02,54615,,
2013-04-01,54475,,
2013-03-29,55315,,
2013-03-28,55740,,
2013-03-27,55815,,
2013-03-26,55865,,
2013-03-25,56180,,
2013-03-22,55920,,
2013-03-21,56250,,
2013-03-20,55525,,
2013-03-19,55540,,
2013-03-18,55590,,
2013-03-15,56900,,
2013-03-14,56560,,
2013-03-13,56900,,
2013-03-12,56675,,
2013-03-11,56675,,
2013-03-08,56590,,
2013-03-07,56280,,
2013-03-06,56660,,
2013-03-05,56440,,
2013-03-04,56190,,
2013-03-01,56525,,
2013-02-28,57150,,
2013-02-27,57110,,
2013-02-26,56970,,
2013-02-25,56960,,
2013-02-22,57220,,
2013-02-21,57190,,
2013-02-20,58140,,
2013-02-19,,,
2013-02-18,58590,,
2013-01-30,58425,,
2013-01-29,57935,,
2013-01-28,57935,,
2013-01-25,58120,,
2013-01-24,57915,,
2013-01-23,57975,,
2013-01-22,57950,,
2013-01-21,57710,,
2013-01-18,57650,,
2013-01-17,57300,,
2013-01-16,57500,,
2013-01-15,57550,,
2013-01-14,57725,,
2013-01-11,57970,,
2013-01-10,57670,,
2013-01-09,57540,,
2013-01-08,57580,,
2013-01-07,57560,,
2013-01-04,57525,,
2012-12-31,57100,,
2012-12-28,56790,,
2012-12-27,56750,,
2012-12-26,56525,,
2012-12-25,56380,,
2012-12-24,56485,,
2012-12-21,56125,,
2012-12-20,56450,,
2012-12-19,57185,,
2012-12-18,57580,,
2012-12-17,57425,,
2012-12-14,57280,,
2012-12-13,57190,,
2012-12-12,57430,,
2012-12-11,57490,,
2012-12-10,57300,,
2012-12-07,57035,,
2012-12-06,57300,,
2012-12-05,57175,,
2012-12-04,57000,,
2012-12-03,57125,,
2012-11-30,56510,,
2012-11-29,56075,,
2012-11-28,56135,,
2012-11-27,56155,,
2012-11-26,56040,,
2012-11-23,55700,,
2012-11-22,55975,,
2012-11-21,56050,,
2012-11-20,56285,,
2012-11-19,55975,,
2012-11-16,55850,,
2012-11-15,55650,,
2012-11-14,55710,,
2012-11-13,55575,,
2012-11-12,55425,,
2012-11-09,56035,,
2012-11-08,55705,,
2012-11-07,56200,,
2012-11-06,55920,,
2012-11-05,55800,,
2012-11-02,56700,,
2012-11-01,56620,,
2012-10-31,56600,,
2012-10-30,56350,,
2012-10-29,56850,,
2012-10-26,57025,,
2012-10-25,57225,,
2012-10-24,57250,,
2012-10-23,57760,,
2012-10-22,57920,,
2012-10-19,58800,,
2012-10-18,59025,,
2012-10-17,58615,,
2012-10-16,58710,,
2012-10-15,58465,,
2012-10-12,59150,,
2012-10-11,58950,,
2012-10-10,59040,,
2012-10-09,59375,,
2012-10-08,59175,,
2012-09-28,59200,,
2012-09-27,58950,,
2012-09-26,59025,,
2012-09-25,59250,,
2012-09-24,59140,,
2012-09-21,59875,,
2012-09-20,59920,,
2012-09-19,59900,,
2012-09-18,59840,,
2012-09-17,60150,,
2012-09-14,59975,,
2012-09-13,58625,,
2012-09-12,58600,,
2012-09-11,58240,,
2012-09-10,58315,,
2012-09-07,56815,,
2012-09-06,56600,,
2012-09-05,56380,,
2012-09-04,56440,,
2012-09-03,56275,,
2012-08-31,55975,,
2012-08-30,55700,,
2012-08-29,55900,,
2012-08-28,55890,,
2012-08-27,56185,,
2012-08-24,56225,,
2012-08-23,56290,,
2012-08-22,55890,,
2012-08-21,55450,,
2012-08-20,55475,,
2012-08-17,55400,,
2012-08-16,55250,,
2012-08-15,55080,,
2012-08-14,54950,,
2012-08-13,55320,,
2012-08-10,55520,,
2012-08-09,55590,,
2012-08-08,55475,,
2012-08-07,55225,,
2012-08-06,55000,,
2012-08-03,54510,,
2012-08-02,55015,,
2012-08-01,55130,,
2012-07-31,55350,,
2012-07-30,55530,,
2012-07-27,54925,,
2012-07-26,54685,,
2012-07-25,54925,,
2012-07-24,55035,,
2012-07-23,55320,,
2012-07-20,56280,,
2012-07-19,56025,,
2012-07-18,55900,,
2012-07-17,56265,,
2012-07-16,56075,,
2012-07-13,55675,,
2012-07-12,55475,,
2012-07-11,55565,,
2012-07-10,55730,,
2012-07-09,55600,,
2012-07-06,56050,,
2012-07-05,56250,,
2012-07-04,56290,,
2012-07-03,56050,,
2012-07-02,55825,,
2012-06-29,54950,,
2012-06-28,54800,,
2012-06-27,54590,,
2012-06-26,55250,,
2012-06-25,55250,,
2012-06-21,55420,,
2012-06-20,55990,,
2012-06-19,55890,,
2012-06-18,55750,,
2012-06-15,55400,,
2012-06-14,54900,,
2012-06-13,54840,,
2012-06-12,54740,,
2012-06-11,55350,,
2012-06-08,54450,,
2012-06-07,55090,,
2012-06-06,54775,,
2012-06-05,54625,,
2012-06-04,54350,,
2012-06-01,55475,,
2012-05-31,55425,,
2012-05-30,56125,,
2012-05-29,56625,,
2012-05-28,56635,,
2012-05-25,55900,,
2012-05-24,55840,,
2012-05-23,56075,,
2012-05-22,56740,,
2012-05-21,56650,,
2012-05-18,56050,,
2012-05-17,55835,,
2012-05-16,56000,,
2012-05-15,56200,,
2012-05-14,57150,,
2012-05-11,57800,,
2012-05-10,57750,,
2012-05-09,57640,,
2012-05-08,58030,,
2012-05-07,57750,,
2012-05-04,58235,,
2012-05-03,58340,,
2012-05-02,58500,,
2012-04-27,58275,,
2012-04-26,57775,,
2012-04-25,57590,,
2012-04-24,57530,,
2012-04-23,57630,,
2012-04-20,57570,,
2012-04-19,57425,,
2012-04-18,57175,,
2012-04-17,56850,,
2012-04-16,56835,,
2012-04-13,58025,,
2012-04-12,57835,,
2012-04-11,57965,,
2012-04-10,59225,,
2012-04-09,59490,,
2012-04-06,59340,,
2012-04-05,59075,,
2012-03-30,59300,,
2012-03-29,59060,,
2012-03-28,59600,,
2012-03-27,59825,,
2012-03-26,59525,,
2012-03-23,59140,,
2012-03-22,59375,,
2012-03-21,59585,,
2012-03-20,59660,,
2012-03-19,59650,,
2012-03-16,60050,,
2012-03-15,59510,,
2012-03-14,60200,,
2012-03-13,59925,,
2012-03-12,59750,,
2012-03-09,59375,,
2012-03-08,58950,,
2012-03-07,58790,,
2012-03-06,59775,,
2012-03-05,60330,,
2012-03-02,60300,,
2012-03-01,59750,,
2012-02-29,59900,,
2012-02-28,59650,,
2012-02-27,59400,,
2012-02-24,59400,,
2012-02-23,59385,,
2012-02-22,59475,,
2012-02-21,58975,,
2012-02-20,59040,,
2012-02-17,59275,,
2012-02-16,58775,,
2012-02-15,59575,,
2012-02-14,59425,,
2012-02-13,59750,,
2012-02-10,60670,,
2012-02-09,60550,,
2012-02-08,59500,,
2012-02-07,59450,,
2012-02-06,59650,,
2012-02-03,58875,,
2012-02-02,58900,,
2012-02-01,59025,,
2012-01-31,59450,,
2012-01-13,57050,,
2012-01-12,56300,,
2012-01-11,55825,,
2012-01-10,55225,,
2012-01-09,55325,,
2012-01-06,55900,,
2012-01-05,55875,,
2012-01-04,56300,,
2011-12-30,55250,,
2011-12-29,54625,,
2011-12-28,55225,,
2011-12-27,55140,,
2011-12-26,55450,,
2011-12-23,55575,,
2011-12-22,55000,,
2011-12-21,55150,,
2011-12-20,54420,,
2011-12-19,54375,,
2011-12-16,54550,,
2011-12-15,54550,,
2011-12-14,56250,,
2011-12-13,56550,,
2011-12-12,57475,,
2011-12-09,57800,,
2011-12-08,58035,,
2011-12-07,58250,,
2011-12-06,58010,,
2011-12-05,58525,,
2011-12-02,58350,,
2011-12-01,58400,,
2011-11-30,56275,,
2011-11-29,56600,,
2011-11-28,56875,,
2011-11-25,55575,,
2011-11-24,55400,,
2011-11-23,56525,,
2011-11-22,56600,,
2011-11-21,56775,,
2011-11-18,56925,,
2011-11-17,57475,,
2011-11-16,58050,,
2011-11-15,58250,,
2011-11-14,58700,,
2011-11-11,56450,,
2011-11-10,55975,,
2011-11-09,58750,,
2011-11-08,58325,,
2011-11-07,58625,,
2011-11-04,59075,,
2011-11-03,58250,,
2011-11-02,58325,,
2011-11-01,59525,,
2011-10-31,59350,,
2011-10-28,60175,,
2011-10-27,58075,,
2011-10-26,57325,,
2011-10-25,57200,,
2011-10-24,54450,,
2011-10-21,53150,,
2011-10-20,52475,,
2011-10-19,55350,,
2011-10-18,55100,,
2011-10-17,56425,,
2011-10-14,55425,,
2011-10-13,55175,,
2011-10-12,54650,,
2011-10-11,55450,,
2011-10-10,55150,,
2011-09-30,53300,,
2011-09-29,52650,,
2011-09-28,55725,,
2011-09-27,55450,,
2011-09-26,56025,,
2011-09-23,57950,,
2011-09-22,61475,,
2011-09-21,62875,,
2011-09-20,63250,,
2011-09-19,64300,,
2011-09-16,65750,,
2011-09-15,65400,,
2011-09-14,66350,,
2011-09-13,66900,,
2011-09-09,67965,,
2011-09-08,67965,,
2011-09-07,67415,,
2011-09-06,67150,,
2011-09-05,67840,,
2011-09-02,68050,,
2011-09-01,68440,,
2011-08-31,68140,,
2011-08-30,68250,,
2011-08-29,67420,,
2011-08-26,67175,,
2011-08-25,67035,,
2011-08-24,66825,,
2011-08-23,66650,,
2011-08-22,67075,,
2011-08-19,66675,,
2011-08-18,67290,,
2011-08-17,67025,,
2011-08-16,67050,,
2011-08-15,67275,,
2011-08-12,67165,,
2011-08-11,66800,,
2011-08-10,67075,,
2011-08-09,64750,,
2011-08-08,68175,,
2011-08-05,69575,,
2011-08-04,71400,,
2011-08-03,71725,,
2011-08-02,71700,,
2011-08-01,72325,,
2011-07-29,72125,,
2011-07-28,71850,,
2011-07-27,71950,,
2011-07-26,71725,,
2011-07-25,71410,,
2011-07-22,71520,,
2011-07-21,71900,,
2011-07-20,72050,,
2011-07-19,71825,,
2011-07-18,71880,,
2011-07-15,71625,,
2011-07-14,71680,,
2011-07-13,71600,,
2011-07-12,71135,,
2011-07-11,71710,,
2011-07-08,71850,,
2011-07-07,70875,,
2011-07-06,70700,,
2011-07-05,70475,,
2011-07-04,70650,,
2011-07-01,69825,,
2011-06-30,69425,,
2011-06-29,68525,,
2011-06-28,68350,,
2011-06-27,68375,,
2011-06-24,68675,,
2011-06-23,68350,,
2011-06-22,68775,,
2011-06-21,68600,,
2011-06-20,68800,,
2011-06-17,69075,,
2011-06-16,69150,,
2011-06-15,69325,,
2011-06-14,68550,,
2011-06-13,68500,,
2011-06-10,69100,,
2011-06-09,69025,,
2011-06-08,69000,,
2011-06-07,69550,,
2011-06-03,69350,,
2011-06-02,68775,,
2011-06-01,69425,,
2011-05-31,69410,,
2011-05-30,69400,,
2011-05-27,69025,,
2011-05-26,69000,,
2011-05-25,68350,,
2011-05-24,67700,,
2011-05-23,68150,,
2011-05-20,68075,,
2011-05-19,68425,,
2011-05-18,67550,,
2011-05-17,66625,,
2011-05-16,66900,,
2011-05-13,66600,,
2011-05-12,66500,,
2011-05-11,67900,,
2011-05-10,68075,,
2011-05-09,68050,,
2011-05-06,67535,,
2011-05-05,69000,,
2011-05-04,70100,,
2011-05-03,70475,,
2011-04-29,70550,,
2011-04-28,71175,,
2011-04-27,70950,,
2011-04-26,70650,,
2011-04-25,71525,,
2011-04-22,71825,,
2011-04-21,71825,,
2011-04-20,71400,,
2011-04-19,70600,,
2011-04-18,71375,,
2011-04-15,71475,,
2011-04-14,71550,,
2011-04-13,71950,,
2011-04-12,72940,,
2011-04-11,73500,,
2011-04-08,72525,,
2011-04-07,71900,,
2011-04-06,71400,,
2011-04-01,71050,,
2011-03-31,70700,,
2011-03-30,71075,,
2011-03-29,70950,,
2011-03-28,71550,,
2011-03-25,72260,,
2011-03-24,72250,,
2011-03-23,71425,,
2011-03-22,71075,,
2011-03-21,71300,,
2011-03-18,71275,,
2011-03-17,70050,,
2011-03-16,69550,,
2011-03-15,69150,,
2011-03-14,68900,,
2011-03-11,69650,,
2011-03-10,69250,,
2011-03-09,70850,,
2011-03-08,71100,,
2011-03-07,73265,,
2011-03-04,73250,,
2011-03-03,73390,,
2011-03-02,72850,,
2011-03-01,72850,,
2011-02-28,72440,,
2011-02-25,71250,,
2011-02-24,71175,,
2011-02-23,71225,,
2011-02-22,73000,,
2011-02-21,73000,,
2011-02-18,73900,,
2011-02-17,74000,,
2011-02-16,74250,,
2011-02-15,74950,,
2011-02-14,74300,,
2011-02-11,74210,,
2011-02-10,74050,,
2011-02-09,74175,,
2011-01-24,71000,,
2011-01-21,70200,,
2011-01-20,71075,,
2011-01-19,71050,,
2011-01-18,70425,,
2011-01-17,70625,,
2011-01-14,70110,,
2011-01-13,70440,,
2011-01-12,70375,,
2011-01-11,69575,,
2011-01-10,69380,,
2011-01-07,70250,,
2011-01-06,70775,,
2011-01-05,69910,,
2011-01-04,70700,,
2010-12-31,69350,,
2010-12-30,67950,,
2010-12-29,67875,,
2010-12-28,67775,,
2010-12-27,67825,,
2010-12-24,67175,,
2010-12-23,67550,,
2010-12-22,68225,,
2010-12-21,67650,,
2010-12-20,67750,,
2010-12-17,67075,,
2010-12-16,66475,,
2010-12-15,67350,,
2010-12-14,67450,,
2010-12-13,67100,,
2010-12-10,66025,,
2010-12-09,66325,,
2010-12-08,65175,,
2010-12-07,64750,,
2010-12-06,64650,,
2010-12-03,64225,,
2010-12-02,64275,,
2010-12-01,62650,,
2010-11-30,62100,,
2010-11-29,61650,,
2010-11-26,61600,,
2010-11-25,62175,,
2010-11-24,62075,,
2010-11-23,61850,,
2010-11-22,63175,,
2010-11-19,62975,,
2010-11-18,62000,,
2010-11-17,61800,,
2010-11-16,64575,,
2010-11-15,65350,,
2010-11-12,66000,,
2010-11-11,67850,,
2010-11-10,66600,,
2010-11-09,66425,,
2010-11-08,65525,,
2010-11-05,65675,,
2010-11-04,63540,,
2010-11-03,63450,,
2010-11-02,63040,,
2010-11-01,63050,,
2010-10-29,62800,,
2010-10-28,63380,,
2010-10-27,63800,,
2010-10-26,63850,,
2010-10-25,63450,,
2010-10-22,62425,,
2010-10-21,62600,,
2010-10-20,62200,,
2010-10-19,63250,,
2010-10-18,62775,,
2010-10-15,62915,,
2010-10-14,62950,,
2010-10-13,62325,,
2010-10-12,62125,,
2010-10-11,62400,,
2010-10-08,60850,,
2010-09-30,59950,,
2010-09-29,60400,,
2010-09-28,60350,,
2010-09-27,60450,,
2010-09-21,59750,,
2010-09-20,60150,,
2010-09-17,59500,,
2010-09-16,59175,,
2010-09-15,59115,,
2010-09-14,59400,,
2010-09-13,59250,,
2010-09-10,58630,,
2010-09-09,58725,,
2010-09-08,59550,,
2010-09-07,59580,,
2010-09-06,59975,,
2010-09-03,59660,,
2010-09-02,59750,,
2010-09-01,59550,,
2010-08-31,58700,,
2010-08-30,59075,,
2010-08-27,57660,,
2010-08-26,57540,,
2010-08-25,57190,,
2010-08-24,57375,,
2010-08-23,57350,,
2010-08-20,57575,,
2010-08-19,57925,,
2010-08-18,58275,,
2010-08-17,57525,,
2010-08-16,57250,,
2010-08-13,56750,,
2010-08-12,56575,,
2010-08-11,57450,,
2010-08-10,57650,,
2010-08-09,57950,,
2010-08-06,57325,,
2010-08-05,57575,,
2010-08-04,57450,,
2010-08-03,57750,,
2010-08-02,57400,,
2010-07-30,56225,,
2010-07-29,56150,,
2010-07-28,55600,,
2010-07-27,55625,,
2010-07-26,55450,,
2010-07-23,55300,,
2010-07-22,54275,,
2010-07-21,54000,,
2010-07-20,53400,,
2010-07-19,53050,,
2010-07-16,53750,,
2010-07-15,53725,,
2010-07-14,53740,,
2010-07-13,53425,,
2010-07-12,54075,,
2010-07-09,53975,,
2010-07-08,53750,,
2010-07-07,53225,,
2010-07-06,52975,,
2010-07-05,52975,,
2010-07-02,52375,,
2010-07-01,52425,,
2010-06-30,52400,,
2010-06-29,54000,,
2010-06-28,54500,,
2010-06-25,54000,,
2010-06-24,53975,,
2010-06-23,53575,,
2010-06-22,53300,,
2010-06-21,52450,,
2010-06-18,52000,,
2010-06-17,52600,,
2010-06-10,51825,,
2010-06-09,50125,,
2010-06-08,49975,,
2010-06-07,50085,,
2010-06-04,53375,,
2010-06-03,53900,,
2010-06-02,54075,,
2010-06-01,54775,,
2010-05-31,55540,,
2010-05-28,55700,,
2010-05-27,54775,,
2010-05-26,55000,,
2010-05-25,55000,,
2010-05-24,55200,,
2010-05-21,53750,,
2010-05-20,54300,,
2010-05-19,53425,,
2010-05-18,53075,,
2010-05-17,54125,,
2010-05-14,56425,,
2010-05-13,56340,,
2010-05-12,56300,,
2010-05-11,56500,,
2010-05-10,55850,,
2010-05-07,55375,,
2010-05-06,56850,,
2010-05-05,56625,,
2010-05-04,58135,,
2010-04-30,58525,,
2010-04-29,58565,,
2010-04-28,58325,,
2010-04-27,59950,,
2010-04-26,60630,,
2010-04-23,60225,,
2010-04-22,59950,,
2010-04-21,59775,,
2010-04-20,59800,,
2010-04-19,59600,,
2010-04-16,61380,,
2010-04-15,61575,,
2010-04-14,61550,,
2010-04-13,61450,,
2010-04-12,61925,,
2010-04-09,61400,,
2010-04-08,61150,,
2010-04-07,61800,,
2010-04-06,61900,,
2010-04-02,61025,,
2010-04-01,60725,,
2010-03-31,60325,,
2010-03-30,60500,,
2010-03-29,60325,,
2010-03-26,59075,,
2010-03-25,58550,,
2010-03-24,59025,,
2010-03-23,59175,,
2010-03-22,59000,,
2010-03-19,59190,,
2010-03-18,59075,,
2010-03-17,58850,,
2010-03-16,58225,,
2010-03-15,58150,,
2010-03-12,58725,,
2010-03-11,58900,,
2010-03-10,59675,,
2010-03-09,59400,,
2010-03-08,59485,,
2010-03-05,58900,,
2010-03-04,59100,,
2010-03-03,58675,,
2010-03-02,58550,,
2010-03-01,59300,,
2010-02-26,57325,,
2010-02-25,57690,,
2010-02-24,57675,,
2010-02-23,58025,,
2010-02-22,58775,,
2010-02-10,54175,,
2010-02-09,52950,,
2010-02-08,52525,,
2010-02-05,52050,,
2010-02-04,54165,,
2010-02-03,54800,,
2010-02-02,54850,,
2010-02-01,53900,,
2010-01-29,56450,,
2010-01-28,57525,,
2010-01-27,59325,,
2010-01-26,59800,,
2010-01-25,59500,,
2010-01-22,59475,,
2010-01-21,60425,,
2010-01-20,61090,,
2010-01-19,61100,,
2010-01-18,60550,,
2010-01-15,60570,,
2010-01-14,60625,,
2010-01-13,60250,,
2010-01-12,60950,,
2010-01-11,61375,,
2010-01-08,60300,,
2010-01-07,61450,,
2010-01-06,60900,,
2010-01-05,59925,,
2010-01-04,59975,,
2009-12-31,59125,,
2009-12-30,58025,,
2009-12-29,57800,,
2009-12-28,58000,,
2009-12-25,57065,,
2009-12-24,56150,,
2009-12-23,55250,,
2009-12-22,55540,,
2009-12-21,55425,,
2009-12-18,55365,,
2009-12-17,55750,,
2009-12-16,55355,,
2009-12-15,55050,,
2009-12-14,54390,,
2009-12-11,54035,,
2009-12-10,54000,,
2009-12-09,54750,,
2009-12-08,55325,,
2009-12-07,55360,,
2009-12-04,55325,,
2009-12-03,55500,,
2009-12-02,55050,,
2009-12-01,54300,,
2009-11-30,54150,,
2009-11-27,53675,,
2009-11-26,54475,,
2009-11-25,53825,,
2009-11-24,54000,,
2009-11-23,53900,,
2009-11-20,52900,,
2009-11-19,52650,,
2009-11-18,52600,,
2009-11-17,52600,,
2009-11-16,51650,,
2009-11-13,50560,,
2009-11-12,50575,,
2009-11-11,50625,,
2009-11-10,50775,,
2009-11-09,50875,,
2009-11-06,50825,,
2009-11-05,50525,,
2009-11-04,50800,,
2009-11-03,50625,,
2009-11-02,50300,,
2009-10-30,50825,,
2009-10-29,50000,,
2009-10-28,51075,,
2009-10-27,50550,,
2009-10-26,51125,,
2009-10-23,50500,,
2009-10-22,50450,,
2009-10-21,49750,,
2009-10-20,49925,,
2009-10-19,49225,,
2009-10-16,48850,,
2009-10-15,49000,,
2009-10-14,48775,,
2009-10-13,49025,,
2009-10-12,49125,,
2009-10-09,49300,,
2009-09-30,47575,,
2009-09-29,46575,,
2009-09-28,47125,,
2009-09-25,47275,,
2009-09-24,47975,,
2009-09-23,48725,,
2009-09-22,48925,,
2009-09-21,48550,,
2009-09-18,49325,,
2009-09-17,49625,,
2009-09-16,48950,,
2009-09-15,48190,,
2009-09-14,47800,,
2009-09-11,49850,,
2009-09-10,49800,,
2009-09-09,50350,,
2009-09-08,49575,,
2009-09-07,49525,,
2009-09-04,49575,,
2009-09-03,48025,,
2009-09-02,47850,,
2009-09-01,49275,,
2009-08-31,49525,,
2009-08-28,50525,,
2009-08-27,49825,,
2009-08-26,49750,,
2009-08-25,49600,,
2009-08-24,49565,,
2009-08-21,47450,,
2009-08-20,47200,,
2009-08-19,47800,,
2009-08-18,48075,,
2009-08-17,47900,,
2009-08-14,50175,,
2009-08-13,49600,,
2009-08-12,48175,,
2009-08-11,48275,,
2009-08-10,48350,,
2009-08-07,47375,,
2009-08-06,47750,,
2009-08-05,48700,,
2009-08-04,47750,,
2009-08-03,47375,,
2009-07-31,45150,,
2009-07-30,43450,,
2009-07-29,43975,,
2009-07-28,44825,,
2009-07-27,44500,,
2009-07-24,43815,,
2009-07-23,43965,,
2009-07-22,43625,,
2009-07-21,43400,,
2009-07-20,43575,,
2009-07-17,41925,,
2009-07-16,42000,,
2009-07-15,41100,,
2009-07-14,40150,,
2009-07-13,40175,,
2009-07-10,40400,,
2009-07-09,39475,,
2009-07-08,39375,,
2009-07-07,39750,,
2009-07-06,39850,,
2009-07-03,40450,,
2009-07-02,40850,,
2009-07-01,40200,,
2009-06-30,40610,,
2009-06-29,40375,,
2009-06-26,40050,,
2009-06-25,39825,,
2009-06-24,39125,,
2009-06-23,38255,,
2009-06-22,38800,,
2009-06-19,39450,,
2009-06-18,39350,,
2009-06-17,39025,,
2009-06-16,39300,,
2009-06-15,41990,,
2009-06-12,41525,,
2009-06-11,41090,,
2009-06-10,41100,,
2009-06-09,40025,,
